Unnamed: 0,replicate,sample_size,Ne,length,recombination_rate,mutation_rate,error_rate,edges,n_trees,n_sites,seed,fastARG_completed,RentPlus_completed,ARGweaver_completed,tsinfer_completed,fastARG_0_SPRunrooted,fastARG_edges,fastARG_0_RFrooted,fastARG_memory,fastARG_0_RFunrooted,fastARG_ts_filesize,fastARG_0_wRFunrooted,fastARG_0_KCrooted,fastARG_0_wRFrooted,fastARG_cputime,fastARG_0_pathunrooted,RentPlus_cputime,RentPlus_0_pathunrooted,RentPlus_0_wRFunrooted,RentPlus_0_RFunrooted,RentPlus_0_KCrooted,RentPlus_0_wRFrooted,RentPlus_0_RFrooted,RentPlus_memory,RentPlus_0_SPRunrooted,tsinfer_0_KCrooted,tsinfer_max_polytomy,tsinfer_2_SPRunrooted,tsinfer_var_polytomy,tsinfer_cputime,tsinfer_mean_polytomy,tsinfer_2_pathunrooted,tsinfer_edges,tsinfer_0_RFrooted,tsinfer_0_SPRunrooted,tsinfer_0_wRFunrooted,tsinfer_2_wRFrooted,tsinfer_2_wRFunrooted,tsinfer_2_RFunrooted,tsinfer_0_RFunrooted,tsinfer_2_RFrooted,tsinfer_0_wRFrooted,tsinfer_memory,tsinfer_ts_filesize,tsinfer_2_KCrooted,tsinfer_0_pathunrooted
0,0,15,Gutenkunst.out.of.africa,100000,1e-08,4.999999999999999e-09,0.0,323,96,46,808716224,False,False,False,False,,,,,,,,,,,,,,,,,,,,,,,,,,,,,,,,,,,,,,,,,
1,0,15,Gutenkunst.out.of.africa,100000,1e-08,4.999999999999999e-09,0.001,323,96,46,808716224,False,False,False,False,,,,,,,,,,,,,,,,,,,,,,,,,,,,,,,,,,,,,,,,,
2,0,15,Gutenkunst.out.of.africa,100000,1e-08,2.5718433618052004e-08,0.0,423,117,314,1137898847,False,False,False,False,,,,,,,,,,,,,,,,,,,,,,,,,,,,,,,,,,,,,,,,,
3,0,15,Gutenkunst.out.of.africa,100000,1e-08,2.5718433618052004e-08,0.001,423,117,314,1137898847,False,False,False,False,,,,,,,,,,,,,,,,,,,,,,,,,,,,,,,,,,,,,,,,,
4,0,15,Gutenkunst.out.of.africa,100000,1e-08,1.3228756555322952e-07,0.0,435,123,1696,716355064,False,False,False,False,,,,,,,,,,,,,,,,,,,,,,,,,,,,,,,,,,,,,,,,,
5,0,15,Gutenkunst.out.of.africa,100000,1e-08,1.3228756555322952e-07,0.001,435,123,1696,716355064,True,False,False,False,2.126415090023255,467.0,8.725030431980754,2232320.0,6.445128879608179,107524.0,30840.296706161538,12.58753279505943,30842.683265467334,0.02,11.588125615477407,,,,,,,,,,,,,,,,,,,,,,,,,,,,,,
6,0,15,Gutenkunst.out.of.africa,100000,1e-08,6.804457946348874e-07,0.0,282,78,6380,309401769,True,False,False,False,0.9225103743741172,298.0,4.525524185559738,2629632.0,2.5255715980035043,185181.0,22972.043756405412,9.687638024588379,22973.380728453903,0.03,6.236443241837518,,,,,,,,,,,,,,,,,,,,,,,,,,,,,,
7,0,15,Gutenkunst.out.of.africa,100000,1e-08,6.804457946348874e-07,0.001,282,78,6380,309401769,False,False,False,False,,,,,,,,,,,,,,,,,,,,,,,,,,,,,,,,,,,,,,,,,
8,0,15,Gutenkunst.out.of.africa,100000,1e-08,3.500000000000001e-06,0.0,335,91,39327,429519779,False,False,False,True,,,,,,,,,,,,,,,,,,,,,1.4603031460984028,71.0,0.6122877238851092,36.50493096646944,4.46,3.5384615384615383,3.237789295362699,552.0,1.2679572784682025,0.603673655371842,27871.898937653656,27871.961694318576,27871.898937653656,1.255514804099072,1.2299095114467247,1.2979674533572771,27871.961694318576,94203904.0,800690.0,1.5098896797936885,3.370437573816613
9,0,15,Gutenkunst.out.of.africa,100000,1e-08,3.500000000000001e-06,0.001,335,91,39327,429519779,False,False,False,False,,,,,,,,,,,,,,,,,,,,,,,,,,,,,,,,,,,,,,,,,
10,1,15,Gutenkunst.out.of.africa,100000,1e-08,4.999999999999999e-09,0.0,359,97,69,1927017078,False,False,False,False,,,,,,,,,,,,,,,,,,,,,,,,,,,,,,,,,,,,,,,,,
11,1,15,Gutenkunst.out.of.africa,100000,1e-08,4.999999999999999e-09,0.001,359,97,69,1927017078,False,False,False,False,,,,,,,,,,,,,,,,,,,,,,,,,,,,,,,,,,,,,,,,,
12,1,15,Gutenkunst.out.of.africa,100000,1e-08,2.5718433618052004e-08,0.0,297,84,267,1088278859,False,False,False,False,,,,,,,,,,,,,,,,,,,,,,,,,,,,,,,,,,,,,,,,,
13,1,15,Gutenkunst.out.of.africa,100000,1e-08,2.5718433618052004e-08,0.001,297,84,267,1088278859,False,False,False,False,,,,,,,,,,,,,,,,,,,,,,,,,,,,,,,,,,,,,,,,,
14,1,15,Gutenkunst.out.of.africa,100000,1e-08,1.3228756555322952e-07,0.0,343,97,1656,567844019,False,False,False,False,,,,,,,,,,,,,,,,,,,,,,,,,,,,,,,,,,,,,,,,,
15,1,15,Gutenkunst.out.of.africa,100000,1e-08,1.3228756555322952e-07,0.001,343,97,1656,567844019,False,False,False,False,,,,,,,,,,,,,,,,,,,,,,,,,,,,,,,,,,,,,,,,,
16,1,15,Gutenkunst.out.of.africa,100000,1e-08,6.804457946348874e-07,0.0,282,80,6904,872000538,False,False,False,False,,,,,,,,,,,,,,,,,,,,,,,,,,,,,,,,,,,,,,,,,
17,1,15,Gutenkunst.out.of.africa,100000,1e-08,6.804457946348874e-07,0.001,282,80,6904,872000538,False,False,False,True,,,,,,,,,,,,,,,,,,,,,3.5596138382658853,187.0,1.0327982213519582,180.95977737122834,1.6,4.878172588832487,6.920925462768791,961.0,2.889752911550568,0.6321527212291801,25119.561554470423,25119.604722643966,25119.561554470423,3.215860362307141,2.7841385995344816,3.3379900153722497,25119.604722643966,63426560.0,211799.0,3.8880182362483566,7.117236950846703
18,1,15,Gutenkunst.out.of.africa,100000,1e-08,3.500000000000001e-06,0.0,265,73,36291,1492239008,False,False,False,False,,,,,,,,,,,,,,,,,,,,,,,,,,,,,,,,,,,,,,,,,
19,1,15,Gutenkunst.out.of.africa,100000,1e-08,3.500000000000001e-06,0.001,265,73,36291,1492239008,False,False,False,False,,,,,,,,,,,,,,,,,,,,,,,,,,,,,,,,,,,,,,,,,
20,2,15,Gutenkunst.out.of.africa,100000,1e-08,4.999999999999999e-09,0.0,449,123,83,499387851,False,False,False,False,,,,,,,,,,,,,,,,,,,,,,,,,,,,,,,,,,,,,,,,,
21,2,15,Gutenkunst.out.of.africa,100000,1e-08,4.999999999999999e-09,0.001,449,123,83,499387851,False,False,False,False,,,,,,,,,,,,,,,,,,,,,,,,,,,,,,,,,,,,,,,,,
22,2,15,Gutenkunst.out.of.africa,100000,1e-08,2.5718433618052004e-08,0.0,261,77,281,1389054605,False,False,False,False,,,,,,,,,,,,,,,,,,,,,,,,,,,,,,,,,,,,,,,,,
23,2,15,Gutenkunst.out.of.africa,100000,1e-08,2.5718433618052004e-08,0.001,261,77,281,1389054605,False,False,False,True,,,,,,,,,,,,,,,,,,,,,11.202789342151164,27.0,3.3263407214664027,14.114149305555552,0.69,3.7291666666666665,17.30236733121276,179.0,9.326948993134659,,29595.97779181601,29596.10437728269,29595.977791816003,11.606436488578598,8.86154308776781,12.10920301428529,29596.104377282692,56643584.0,83081.0,11.537860988638217,20.830006261258763
24,2,15,Gutenkunst.out.of.africa,100000,1e-08,1.3228756555322952e-07,0.0,232,67,1191,1972686173,True,False,False,False,1.3437296552471212,176.0,8.175243787586693,2170880.0,4.7938515762220835,91556.0,23268.446461583866,15.61614799426442,23276.469666275425,0.0,8.698927504530813,,,,,,,,,,,,,,,,,,,,,,,,,,,,,,
25,2,15,Gutenkunst.out.of.africa,100000,1e-08,1.3228756555322952e-07,0.001,232,67,1191,1972686173,False,False,False,False,,,,,,,,,,,,,,,,,,,,,,,,,,,,,,,,,,,,,,,,,
26,2,15,Gutenkunst.out.of.africa,100000,1e-08,6.804457946348874e-07,0.0,331,88,7573,1953129429,False,False,False,False,,,,,,,,,,,,,,,,,,,,,,,,,,,,,,,,,,,,,,,,,
27,2,15,Gutenkunst.out.of.africa,100000,1e-08,6.804457946348874e-07,0.001,331,88,7573,1953129429,False,False,False,False,,,,,,,,,,,,,,,,,,,,,,,,,,,,,,,,,,,,,,,,,
28,2,15,Gutenkunst.out.of.africa,100000,1e-08,3.500000000000001e-06,0.0,266,76,27372,287794401,True,False,False,False,0.23092983881883672,241.0,2.5336075665630866,4624384.0,0.5447531325134053,570189.0,19363.495841914453,7.825631515279664,19364.79533149673,0.17,1.5653913855142638,,,,,,,,,,,,,,,,,,,,,,,,,,,,,,
29,2,15,Gutenkunst.out.of.africa,100000,1e-08,3.500000000000001e-06,0.001,266,76,27372,287794401,False,False,False,False,,,,,,,,,,,,,,,,,,,,,,,,,,,,,,,,,,,,,,,,,
30,3,15,Gutenkunst.out.of.africa,100000,1e-08,4.999999999999999e-09,0.0,416,119,69,1662864346,False,False,False,False,,,,,,,,,,,,,,,,,,,,,,,,,,,,,,,,,,,,,,,,,
31,3,15,Gutenkunst.out.of.africa,100000,1e-08,4.999999999999999e-09,0.001,416,119,69,1662864346,False,False,False,False,,,,,,,,,,,,,,,,,,,,,,,,,,,,,,,,,,,,,,,,,
32,3,15,Gutenkunst.out.of.africa,100000,1e-08,2.5718433618052004e-08,0.0,303,85,223,392300528,False,False,False,True,,,,,,,,,,,,,,,,,,,,,8.756346889063936,40.0,2.526277376599331,28.84464806330695,0.7,3.36734693877551,11.900987331420971,165.0,7.22038851747509,,23313.924632657174,23314.17026571403,23313.924632657174,7.258441344286391,6.207650381173525,8.440004179198153,23314.17026571403,56471552.0,80829.0,8.97028920700659,13.554021441368372
33,3,15,Gutenkunst.out.of.africa,100000,1e-08,2.5718433618052004e-08,0.001,303,85,223,392300528,False,False,False,False,,,,,,,,,,,,,,,,,,,,,,,,,,,,,,,,,,,,,,,,,
34,3,15,Gutenkunst.out.of.africa,100000,1e-08,1.3228756555322952e-07,0.0,299,84,1690,1125918068,False,False,False,False,,,,,,,,,,,,,,,,,,,,,,,,,,,,,,,,,,,,,,,,,
35,3,15,Gutenkunst.out.of.africa,100000,1e-08,1.3228756555322952e-07,0.001,299,84,1690,1125918068,False,False,False,False,,,,,,,,,,,,,,,,,,,,,,,,,,,,,,,,,,,,,,,,,
36,3,15,Gutenkunst.out.of.africa,100000,1e-08,6.804457946348874e-07,0.0,291,83,6509,265820473,False,False,False,False,,,,,,,,,,,,,,,,,,,,,,,,,,,,,,,,,,,,,,,,,
37,3,15,Gutenkunst.out.of.africa,100000,1e-08,6.804457946348874e-07,0.001,291,83,6509,265820473,False,False,False,False,,,,,,,,,,,,,,,,,,,,,,,,,,,,,,,,,,,,,,,,,
38,3,15,Gutenkunst.out.of.africa,100000,1e-08,3.500000000000001e-06,0.0,295,77,34660,1046743283,False,False,False,False,,,,,,,,,,,,,,,,,,,,,,,,,,,,,,,,,,,,,,,,,
39,3,15,Gutenkunst.out.of.africa,100000,1e-08,3.500000000000001e-06,0.001,295,77,34660,1046743283,False,False,False,False,,,,,,,,,,,,,,,,,,,,,,,,,,,,,,,,,,,,,,,,,
40,4,15,Gutenkunst.out.of.africa,100000,1e-08,4.999999999999999e-09,0.0,347,103,74,1350418526,False,False,False,False,,,,,,,,,,,,,,,,,,,,,,,,,,,,,,,,,,,,,,,,,
41,4,15,Gutenkunst.out.of.africa,100000,1e-08,4.999999999999999e-09,0.001,347,103,74,1350418526,False,False,False,False,,,,,,,,,,,,,,,,,,,,,,,,,,,,,,,,,,,,,,,,,
42,4,15,Gutenkunst.out.of.africa,100000,1e-08,2.5718433618052004e-08,0.0,293,81,264,466871037,False,False,False,False,,,,,,,,,,,,,,,,,,,,,,,,,,,,,,,,,,,,,,,,,
43,4,15,Gutenkunst.out.of.africa,100000,1e-08,2.5718433618052004e-08,0.001,293,81,264,466871037,False,False,False,False,,,,,,,,,,,,,,,,,,,,,,,,,,,,,,,,,,,,,,,,,
44,4,15,Gutenkunst.out.of.africa,100000,1e-08,1.3228756555322952e-07,0.0,290,81,1134,1916939455,False,False,False,False,,,,,,,,,,,,,,,,,,,,,,,,,,,,,,,,,,,,,,,,,
45,4,15,Gutenkunst.out.of.africa,100000,1e-08,1.3228756555322952e-07,0.001,290,81,1134,1916939455,False,False,False,False,,,,,,,,,,,,,,,,,,,,,,,,,,,,,,,,,,,,,,,,,
46,4,15,Gutenkunst.out.of.africa,100000,1e-08,6.804457946348874e-07,0.0,500,136,10374,929397077,False,False,False,False,,,,,,,,,,,,,,,,,,,,,,,,,,,,,,,,,,,,,,,,,
47,4,15,Gutenkunst.out.of.africa,100000,1e-08,6.804457946348874e-07,0.001,500,136,10374,929397077,False,False,False,False,,,,,,,,,,,,,,,,,,,,,,,,,,,,,,,,,,,,,,,,,
48,4,15,Gutenkunst.out.of.africa,100000,1e-08,3.500000000000001e-06,0.0,411,120,49199,462359148,False,False,False,False,,,,,,,,,,,,,,,,,,,,,,,,,,,,,,,,,,,,,,,,,
49,4,15,Gutenkunst.out.of.africa,100000,1e-08,3.500000000000001e-06,0.001,411,120,49199,462359148,False,False,False,False,,,,,,,,,,,,,,,,,,,,,,,,,,,,,,,,,,,,,,,,,
50,5,15,Gutenkunst.out.of.africa,100000,1e-08,4.999999999999999e-09,0.0,244,64,32,418086302,False,False,False,False,,,,,,,,,,,,,,,,,,,,,,,,,,,,,,,,,,,,,,,,,
51,5,15,Gutenkunst.out.of.africa,100000,1e-08,4.999999999999999e-09,0.001,244,64,32,418086302,False,False,False,False,,,,,,,,,,,,,,,,,,,,,,,,,,,,,,,,,,,,,,,,,
52,5,15,Gutenkunst.out.of.africa,100000,1e-08,2.5718433618052004e-08,0.0,284,84,300,316767138,False,False,False,False,,,,,,,,,,,,,,,,,,,,,,,,,,,,,,,,,,,,,,,,,
53,5,15,Gutenkunst.out.of.africa,100000,1e-08,2.5718433618052004e-08,0.001,284,84,300,316767138,False,False,False,False,,,,,,,,,,,,,,,,,,,,,,,,,,,,,,,,,,,,,,,,,
54,5,15,Gutenkunst.out.of.africa,100000,1e-08,1.3228756555322952e-07,0.0,366,106,1691,570841540,False,False,False,False,,,,,,,,,,,,,,,,,,,,,,,,,,,,,,,,,,,,,,,,,
55,5,15,Gutenkunst.out.of.africa,100000,1e-08,1.3228756555322952e-07,0.001,366,106,1691,570841540,False,False,False,False,,,,,,,,,,,,,,,,,,,,,,,,,,,,,,,,,,,,,,,,,
56,5,15,Gutenkunst.out.of.africa,100000,1e-08,6.804457946348874e-07,0.0,383,108,9730,358116354,False,False,False,False,,,,,,,,,,,,,,,,,,,,,,,,,,,,,,,,,,,,,,,,,
57,5,15,Gutenkunst.out.of.africa,100000,1e-08,6.804457946348874e-07,0.001,383,108,9730,358116354,False,False,False,False,,,,,,,,,,,,,,,,,,,,,,,,,,,,,,,,,,,,,,,,,
58,5,15,Gutenkunst.out.of.africa,100000,1e-08,3.500000000000001e-06,0.0,268,78,33159,1974001566,False,False,False,False,,,,,,,,,,,,,,,,,,,,,,,,,,,,,,,,,,,,,,,,,
59,5,15,Gutenkunst.out.of.africa,100000,1e-08,3.500000000000001e-06,0.001,268,78,33159,1974001566,False,False,False,False,,,,,,,,,,,,,,,,,,,,,,,,,,,,,,,,,,,,,,,,,
60,6,15,Gutenkunst.out.of.africa,100000,1e-08,4.999999999999999e-09,0.0,326,94,43,1553621901,False,False,False,False,,,,,,,,,,,,,,,,,,,,,,,,,,,,,,,,,,,,,,,,,
61,6,15,Gutenkunst.out.of.africa,100000,1e-08,4.999999999999999e-09,0.001,326,94,43,1553621901,False,False,False,True,,,,,,,,,,,,,,,,,,,,,14.073188783680147,18.0,4.0945686338424885,13.850415512465375,0.55,3.789473684210526,22.155950701360894,72.0,12.679466320069047,,25619.74807130248,25619.973374305846,25619.74807130248,16.20493116891174,11.088603994932534,18.348385965725885,25619.973374305846,56250368.0,76733.0,18.91391701590767,27.489733392697577
62,6,15,Gutenkunst.out.of.africa,100000,1e-08,2.5718433618052004e-08,0.0,295,82,296,667719760,False,False,False,False,,,,,,,,,,,,,,,,,,,,,,,,,,,,,,,,,,,,,,,,,
63,6,15,Gutenkunst.out.of.africa,100000,1e-08,2.5718433618052004e-08,0.001,295,82,296,667719760,False,False,False,False,,,,,,,,,,,,,,,,,,,,,,,,,,,,,,,,,,,,,,,,,
64,6,15,Gutenkunst.out.of.africa,100000,1e-08,1.3228756555322952e-07,0.0,270,76,1466,667699277,False,False,False,True,,,,,,,,,,,,,,,,,,,,,4.460586917031807,41.0,1.1510352987215549,18.973634396971338,0.86,3.2906976744186047,8.185053674716992,283.0,3.327333675231178,0.89522442372259,25923.37370534874,25923.45865670833,25923.373705348735,3.3650091906973443,3.1975250297934736,3.496277046454362,25923.45865670833,57581568.0,103419.0,4.599540387271318,8.185003764895725
65,6,15,Gutenkunst.out.of.africa,100000,1e-08,1.3228756555322952e-07,0.001,270,76,1466,667699277,False,False,False,False,,,,,,,,,,,,,,,,,,,,,,,,,,,,,,,,,,,,,,,,,
66,6,15,Gutenkunst.out.of.africa,100000,1e-08,6.804457946348874e-07,0.0,340,95,8935,134906351,False,False,False,False,,,,,,,,,,,,,,,,,,,,,,,,,,,,,,,,,,,,,,,,,
67,6,15,Gutenkunst.out.of.africa,100000,1e-08,6.804457946348874e-07,0.001,340,95,8935,134906351,False,False,False,False,,,,,,,,,,,,,,,,,,,,,,,,,,,,,,,,,,,,,,,,,
68,6,15,Gutenkunst.out.of.africa,100000,1e-08,3.500000000000001e-06,0.0,354,92,37354,1294647786,False,False,False,False,,,,,,,,,,,,,,,,,,,,,,,,,,,,,,,,,,,,,,,,,
69,6,15,Gutenkunst.out.of.africa,100000,1e-08,3.500000000000001e-06,0.001,354,92,37354,1294647786,True,False,False,False,1.9755408110203256,8860.0,7.770487822720453,5840896.0,5.129934049810297,1000614.0,23526.51585647745,12.15596294167398,23551.38928779449,4.9399999999999995,9.145099882320668,,,,,,,,,,,,,,,,,,,,,,,,,,,,,,
70,7,15,Gutenkunst.out.of.africa,100000,1e-08,4.999999999999999e-09,0.0,224,61,35,906262299,False,False,False,False,,,,,,,,,,,,,,,,,,,,,,,,,,,,,,,,,,,,,,,,,
71,7,15,Gutenkunst.out.of.africa,100000,1e-08,4.999999999999999e-09,0.001,224,61,35,906262299,False,False,False,False,,,,,,,,,,,,,,,,,,,,,,,,,,,,,,,,,,,,,,,,,
72,7,15,Gutenkunst.out.of.africa,100000,1e-08,2.5718433618052004e-08,0.0,277,80,259,960426798,False,False,False,False,,,,,,,,,,,,,,,,,,,,,,,,,,,,,,,,,,,,,,,,,
73,7,15,Gutenkunst.out.of.africa,100000,1e-08,2.5718433618052004e-08,0.001,277,80,259,960426798,False,False,False,False,,,,,,,,,,,,,,,,,,,,,,,,,,,,,,,,,,,,,,,,,
74,7,15,Gutenkunst.out.of.africa,100000,1e-08,1.3228756555322952e-07,0.0,300,86,1587,1489521078,False,False,False,False,,,,,,,,,,,,,,,,,,,,,,,,,,,,,,,,,,,,,,,,,
75,7,15,Gutenkunst.out.of.africa,100000,1e-08,1.3228756555322952e-07,0.001,300,86,1587,1489521078,False,False,False,False,,,,,,,,,,,,,,,,,,,,,,,,,,,,,,,,,,,,,,,,,
76,7,15,Gutenkunst.out.of.africa,100000,1e-08,6.804457946348874e-07,0.0,247,67,6487,1573457715,False,False,False,False,,,,,,,,,,,,,,,,,,,,,,,,,,,,,,,,,,,,,,,,,
77,7,15,Gutenkunst.out.of.africa,100000,1e-08,6.804457946348874e-07,0.001,247,67,6487,1573457715,False,False,False,False,,,,,,,,,,,,,,,,,,,,,,,,,,,,,,,,,,,,,,,,,
78,7,15,Gutenkunst.out.of.africa,100000,1e-08,3.500000000000001e-06,0.0,255,72,30581,745819123,False,False,False,True,,,,,,,,,,,,,,,,,,,,,1.2894494574986186,41.0,0.28426809396092995,17.186432118508545,3.6199999999999997,3.63302752293578,2.064958458444948,396.0,0.6960706137459527,0.28225843651173543,21775.27612025793,21775.296323062797,21775.276120257935,0.6819271176709241,0.6814288448364393,0.6971598188836912,21775.2963230628,89300992.0,618510.0,1.295860576916894,2.066072965357435
79,7,15,Gutenkunst.out.of.africa,100000,1e-08,3.500000000000001e-06,0.001,255,72,30581,745819123,True,False,False,False,1.8891127494694968,4664.0,9.163203562130684,4997120.0,6.0330393676625516,750581.0,18626.634302270497,14.778198129886102,18682.486628843828,2.69,11.334701543006299,,,,,,,,,,,,,,,,,,,,,,,,,,,,,,
80,8,15,Gutenkunst.out.of.africa,100000,1e-08,4.999999999999999e-09,0.0,250,76,52,621137568,False,False,False,False,,,,,,,,,,,,,,,,,,,,,,,,,,,,,,,,,,,,,,,,,
81,8,15,Gutenkunst.out.of.africa,100000,1e-08,4.999999999999999e-09,0.001,250,76,52,621137568,False,False,False,False,,,,,,,,,,,,,,,,,,,,,,,,,,,,,,,,,,,,,,,,,
82,8,15,Gutenkunst.out.of.africa,100000,1e-08,2.5718433618052004e-08,0.0,341,95,297,1917583319,False,False,False,False,,,,,,,,,,,,,,,,,,,,,,,,,,,,,,,,,,,,,,,,,
83,8,15,Gutenkunst.out.of.africa,100000,1e-08,2.5718433618052004e-08,0.001,341,95,297,1917583319,False,False,False,False,,,,,,,,,,,,,,,,,,,,,,,,,,,,,,,,,,,,,,,,,
84,8,15,Gutenkunst.out.of.africa,100000,1e-08,1.3228756555322952e-07,0.0,328,95,1552,171685554,False,False,False,False,,,,,,,,,,,,,,,,,,,,,,,,,,,,,,,,,,,,,,,,,
85,8,15,Gutenkunst.out.of.africa,100000,1e-08,1.3228756555322952e-07,0.001,328,95,1552,171685554,False,True,False,False,,,,,,,,,,,,15.48,10.386649100489526,,5.68444,9.089070981437452,,6.9743,614141952.0,1.79404,,,,,,,,,,,,,,,,,,,,,
86,8,15,Gutenkunst.out.of.africa,100000,1e-08,6.804457946348874e-07,0.0,395,106,8223,1809123449,False,False,False,False,,,,,,,,,,,,,,,,,,,,,,,,,,,,,,,,,,,,,,,,,
87,8,15,Gutenkunst.out.of.africa,100000,1e-08,6.804457946348874e-07,0.001,395,106,8223,1809123449,False,False,False,False,,,,,,,,,,,,,,,,,,,,,,,,,,,,,,,,,,,,,,,,,
88,8,15,Gutenkunst.out.of.africa,100000,1e-08,3.500000000000001e-06,0.0,268,81,34434,1429992420,False,False,False,False,,,,,,,,,,,,,,,,,,,,,,,,,,,,,,,,,,,,,,,,,
89,8,15,Gutenkunst.out.of.africa,100000,1e-08,3.500000000000001e-06,0.001,268,81,34434,1429992420,False,False,False,False,,,,,,,,,,,,,,,,,,,,,,,,,,,,,,,,,,,,,,,,,
90,9,15,Gutenkunst.out.of.africa,100000,1e-08,4.999999999999999e-09,0.0,281,80,42,1313836049,False,False,False,False,,,,,,,,,,,,,,,,,,,,,,,,,,,,,,,,,,,,,,,,,
91,9,15,Gutenkunst.out.of.africa,100000,1e-08,4.999999999999999e-09,0.001,281,80,42,1313836049,False,False,False,False,,,,,,,,,,,,,,,,,,,,,,,,,,,,,,,,,,,,,,,,,
92,9,15,Gutenkunst.out.of.africa,100000,1e-08,2.5718433618052004e-08,0.0,206,61,227,1698419317,False,False,False,False,,,,,,,,,,,,,,,,,,,,,,,,,,,,,,,,,,,,,,,,,
93,9,15,Gutenkunst.out.of.africa,100000,1e-08,2.5718433618052004e-08,0.001,206,61,227,1698419317,False,False,False,False,,,,,,,,,,,,,,,,,,,,,,,,,,,,,,,,,,,,,,,,,
94,9,15,Gutenkunst.out.of.africa,100000,1e-08,1.3228756555322952e-07,0.0,254,72,1509,745911278,False,False,False,False,,,,,,,,,,,,,,,,,,,,,,,,,,,,,,,,,,,,,,,,,
95,9,15,Gutenkunst.out.of.africa,100000,1e-08,1.3228756555322952e-07,0.001,254,72,1509,745911278,False,False,False,False,,,,,,,,,,,,,,,,,,,,,,,,,,,,,,,,,,,,,,,,,
96,9,15,Gutenkunst.out.of.africa,100000,1e-08,6.804457946348874e-07,0.0,321,90,6556,669270988,False,False,False,False,,,,,,,,,,,,,,,,,,,,,,,,,,,,,,,,,,,,,,,,,
97,9,15,Gutenkunst.out.of.africa,100000,1e-08,6.804457946348874e-07,0.001,321,90,6556,669270988,False,False,False,False,,,,,,,,,,,,,,,,,,,,,,,,,,,,,,,,,,,,,,,,,
98,9,15,Gutenkunst.out.of.africa,100000,1e-08,3.500000000000001e-06,0.0,204,55,27842,1782501257,False,False,False,False,,,,,,,,,,,,,,,,,,,,,,,,,,,,,,,,,,,,,,,,,
99,9,15,Gutenkunst.out.of.africa,100000,1e-08,3.500000000000001e-06,0.001,204,55,27842,1782501257,False,False,False,False,,,,,,,,,,,,,,,,,,,,,,,,,,,,,,,,,,,,,,,,,
100,10,15,Gutenkunst.out.of.africa,100000,1e-08,4.999999999999999e-09,0.0,284,82,46,1554950652,False,False,False,False,,,,,,,,,,,,,,,,,,,,,,,,,,,,,,,,,,,,,,,,,
101,10,15,Gutenkunst.out.of.africa,100000,1e-08,4.999999999999999e-09,0.001,284,82,46,1554950652,False,False,False,False,,,,,,,,,,,,,,,,,,,,,,,,,,,,,,,,,,,,,,,,,
102,10,15,Gutenkunst.out.of.africa,100000,1e-08,2.5718433618052004e-08,0.0,329,88,251,1619036622,False,False,False,False,,,,,,,,,,,,,,,,,,,,,,,,,,,,,,,,,,,,,,,,,
103,10,15,Gutenkunst.out.of.africa,100000,1e-08,2.5718433618052004e-08,0.001,329,88,251,1619036622,False,False,False,True,,,,,,,,,,,,,,,,,,,,,11.200825205298834,43.0,3.364838690231342,27.311161501637695,0.62,3.634920634920635,17.264781630122837,229.0,11.360279254983698,,25683.54683869201,25683.767804861418,25683.54683869201,11.964467962472286,10.403864706377345,13.130155371103703,25683.767804861418,56561664.0,82877.0,12.114367875226211,18.184888317972014
104,10,15,Gutenkunst.out.of.africa,100000,1e-08,1.3228756555322952e-07,0.0,394,118,1732,1876823513,False,False,False,False,,,,,,,,,,,,,,,,,,,,,,,,,,,,,,,,,,,,,,,,,
105,10,15,Gutenkunst.out.of.africa,100000,1e-08,1.3228756555322952e-07,0.001,394,118,1732,1876823513,False,False,False,False,,,,,,,,,,,,,,,,,,,,,,,,,,,,,,,,,,,,,,,,,
106,10,15,Gutenkunst.out.of.africa,100000,1e-08,6.804457946348874e-07,0.0,234,66,5680,966701046,True,False,False,False,0.26030281608538935,170.0,5.691903151692389,2551808.0,0.6760872253478225,170554.0,20876.336397177092,17.224436968490604,20881.12386465762,0.03,1.7564369247299585,,,,,,,,,,,,,,,,,,,,,,,,,,,,,,
107,10,15,Gutenkunst.out.of.africa,100000,1e-08,6.804457946348874e-07,0.001,234,66,5680,966701046,False,False,False,False,,,,,,,,,,,,,,,,,,,,,,,,,,,,,,,,,,,,,,,,,
108,10,15,Gutenkunst.out.of.africa,100000,1e-08,3.500000000000001e-06,0.0,397,106,50178,1711364921,False,False,False,False,,,,,,,,,,,,,,,,,,,,,,,,,,,,,,,,,,,,,,,,,
109,10,15,Gutenkunst.out.of.africa,100000,1e-08,3.500000000000001e-06,0.001,397,106,50178,1711364921,False,False,False,False,,,,,,,,,,,,,,,,,,,,,,,,,,,,,,,,,,,,,,,,,
110,11,15,Gutenkunst.out.of.africa,100000,1e-08,4.999999999999999e-09,0.0,344,90,63,971403451,False,False,False,False,,,,,,,,,,,,,,,,,,,,,,,,,,,,,,,,,,,,,,,,,
111,11,15,Gutenkunst.out.of.africa,100000,1e-08,4.999999999999999e-09,0.001,344,90,63,971403451,False,False,False,False,,,,,,,,,,,,,,,,,,,,,,,,,,,,,,,,,,,,,,,,,
112,11,15,Gutenkunst.out.of.africa,100000,1e-08,2.5718433618052004e-08,0.0,299,84,283,2081809961,False,False,False,False,,,,,,,,,,,,,,,,,,,,,,,,,,,,,,,,,,,,,,,,,
113,11,15,Gutenkunst.out.of.africa,100000,1e-08,2.5718433618052004e-08,0.001,299,84,283,2081809961,False,False,False,False,,,,,,,,,,,,,,,,,,,,,,,,,,,,,,,,,,,,,,,,,
114,11,15,Gutenkunst.out.of.africa,100000,1e-08,1.3228756555322952e-07,0.0,332,95,1729,957315746,False,False,False,False,,,,,,,,,,,,,,,,,,,,,,,,,,,,,,,,,,,,,,,,,
115,11,15,Gutenkunst.out.of.africa,100000,1e-08,1.3228756555322952e-07,0.001,332,95,1729,957315746,False,False,False,False,,,,,,,,,,,,,,,,,,,,,,,,,,,,,,,,,,,,,,,,,
116,11,15,Gutenkunst.out.of.africa,100000,1e-08,6.804457946348874e-07,0.0,288,84,8626,1547756102,True,True,False,False,1.1727754941714683,294.0,5.239933367895845,2875392.0,2.6695475461512177,228582.0,31292.56655128115,11.228038840899893,31294.696871417636,0.04,6.616180846086121,72.95,5.759714579945067,,2.54444,6.3237207381181015,,3.56157,2694463488.0,0.865305,,,,,,,,,,,,,,,,,,,,,
117,11,15,Gutenkunst.out.of.africa,100000,1e-08,6.804457946348874e-07,0.001,288,84,8626,1547756102,False,False,False,False,,,,,,,,,,,,,,,,,,,,,,,,,,,,,,,,,,,,,,,,,
118,11,15,Gutenkunst.out.of.africa,100000,1e-08,3.500000000000001e-06,0.0,290,83,42062,761133735,False,False,False,False,,,,,,,,,,,,,,,,,,,,,,,,,,,,,,,,,,,,,,,,,
119,11,15,Gutenkunst.out.of.africa,100000,1e-08,3.500000000000001e-06,0.001,290,83,42062,761133735,False,False,False,False,,,,,,,,,,,,,,,,,,,,,,,,,,,,,,,,,,,,,,,,,
120,12,15,Gutenkunst.out.of.africa,100000,1e-08,4.999999999999999e-09,0.0,257,68,46,1407249052,False,False,False,False,,,,,,,,,,,,,,,,,,,,,,,,,,,,,,,,,,,,,,,,,
121,12,15,Gutenkunst.out.of.africa,100000,1e-08,4.999999999999999e-09,0.001,257,68,46,1407249052,False,True,False,False,,,,,,,,,,,,1.69,19.534040455567364,,14.94381,14.235244020804984,,16.36848,79015936.0,4.08066,,,,,,,,,,,,,,,,,,,,,
122,12,15,Gutenkunst.out.of.africa,100000,1e-08,2.5718433618052004e-08,0.0,364,103,353,2079985360,False,False,False,False,,,,,,,,,,,,,,,,,,,,,,,,,,,,,,,,,,,,,,,,,
123,12,15,Gutenkunst.out.of.africa,100000,1e-08,2.5718433618052004e-08,0.001,364,103,353,2079985360,False,False,False,False,,,,,,,,,,,,,,,,,,,,,,,,,,,,,,,,,,,,,,,,,
124,12,15,Gutenkunst.out.of.africa,100000,1e-08,1.3228756555322952e-07,0.0,342,97,1477,1918293545,False,False,False,False,,,,,,,,,,,,,,,,,,,,,,,,,,,,,,,,,,,,,,,,,
125,12,15,Gutenkunst.out.of.africa,100000,1e-08,1.3228756555322952e-07,0.001,342,97,1477,1918293545,False,False,False,False,,,,,,,,,,,,,,,,,,,,,,,,,,,,,,,,,,,,,,,,,
126,12,15,Gutenkunst.out.of.africa,100000,1e-08,6.804457946348874e-07,0.0,477,136,11386,935864672,False,False,False,False,,,,,,,,,,,,,,,,,,,,,,,,,,,,,,,,,,,,,,,,,
127,12,15,Gutenkunst.out.of.africa,100000,1e-08,6.804457946348874e-07,0.001,477,136,11386,935864672,False,True,False,False,,,,,,,,,,,,51.099999999999994,7.862235342331843,,3.98304,6.892073244376616,,4.973,2232692736.0,1.45154,,,,,,,,,,,,,,,,,,,,,
128,12,15,Gutenkunst.out.of.africa,100000,1e-08,3.500000000000001e-06,0.0,411,125,50874,1999782678,False,False,False,False,,,,,,,,,,,,,,,,,,,,,,,,,,,,,,,,,,,,,,,,,
129,12,15,Gutenkunst.out.of.africa,100000,1e-08,3.500000000000001e-06,0.001,411,125,50874,1999782678,True,False,False,False,1.6982838326009537,8685.0,9.035148884529404,7057408.0,5.323266920980306,1255684.0,33081.439531048985,15.943392348849056,33180.58293142725,7.7,9.63974920504018,,,,,,,,,,,,,,,,,,,,,,,,,,,,,,
130,13,15,Gutenkunst.out.of.africa,100000,1e-08,4.999999999999999e-09,0.0,339,99,56,1929248278,False,False,False,False,,,,,,,,,,,,,,,,,,,,,,,,,,,,,,,,,,,,,,,,,
131,13,15,Gutenkunst.out.of.africa,100000,1e-08,4.999999999999999e-09,0.001,339,99,56,1929248278,False,False,False,False,,,,,,,,,,,,,,,,,,,,,,,,,,,,,,,,,,,,,,,,,
132,13,15,Gutenkunst.out.of.africa,100000,1e-08,2.5718433618052004e-08,0.0,390,112,292,1233609913,False,False,False,False,,,,,,,,,,,,,,,,,,,,,,,,,,,,,,,,,,,,,,,,,
133,13,15,Gutenkunst.out.of.africa,100000,1e-08,2.5718433618052004e-08,0.001,390,112,292,1233609913,False,False,False,False,,,,,,,,,,,,,,,,,,,,,,,,,,,,,,,,,,,,,,,,,
134,13,15,Gutenkunst.out.of.africa,100000,1e-08,1.3228756555322952e-07,0.0,333,96,1371,937208081,False,False,False,False,,,,,,,,,,,,,,,,,,,,,,,,,,,,,,,,,,,,,,,,,
135,13,15,Gutenkunst.out.of.africa,100000,1e-08,1.3228756555322952e-07,0.001,333,96,1371,937208081,False,False,False,False,,,,,,,,,,,,,,,,,,,,,,,,,,,,,,,,,,,,,,,,,
136,13,15,Gutenkunst.out.of.africa,100000,1e-08,6.804457946348874e-07,0.0,298,85,8603,436316771,False,False,False,False,,,,,,,,,,,,,,,,,,,,,,,,,,,,,,,,,,,,,,,,,
137,13,15,Gutenkunst.out.of.africa,100000,1e-08,6.804457946348874e-07,0.001,298,85,8603,436316771,False,False,False,False,,,,,,,,,,,,,,,,,,,,,,,,,,,,,,,,,,,,,,,,,
138,13,15,Gutenkunst.out.of.africa,100000,1e-08,3.500000000000001e-06,0.0,368,108,41769,1043535189,False,False,False,False,,,,,,,,,,,,,,,,,,,,,,,,,,,,,,,,,,,,,,,,,
139,13,15,Gutenkunst.out.of.africa,100000,1e-08,3.500000000000001e-06,0.001,368,108,41769,1043535189,False,False,False,False,,,,,,,,,,,,,,,,,,,,,,,,,,,,,,,,,,,,,,,,,
140,14,15,Gutenkunst.out.of.africa,100000,1e-08,4.999999999999999e-09,0.0,301,88,65,2141643238,False,False,False,False,,,,,,,,,,,,,,,,,,,,,,,,,,,,,,,,,,,,,,,,,
141,14,15,Gutenkunst.out.of.africa,100000,1e-08,4.999999999999999e-09,0.001,301,88,65,2141643238,False,False,False,False,,,,,,,,,,,,,,,,,,,,,,,,,,,,,,,,,,,,,,,,,
142,14,15,Gutenkunst.out.of.africa,100000,1e-08,2.5718433618052004e-08,0.0,227,64,303,408301653,False,False,False,False,,,,,,,,,,,,,,,,,,,,,,,,,,,,,,,,,,,,,,,,,
143,14,15,Gutenkunst.out.of.africa,100000,1e-08,2.5718433618052004e-08,0.001,227,64,303,408301653,False,True,False,False,,,,,,,,,,,,5.71,14.795392144861658,,9.30967,10.300683426606595,,10.40898,195579904.0,2.911515,,,,,,,,,,,,,,,,,,,,,
144,14,15,Gutenkunst.out.of.africa,100000,1e-08,1.3228756555322952e-07,0.0,320,93,1542,987405515,False,False,False,False,,,,,,,,,,,,,,,,,,,,,,,,,,,,,,,,,,,,,,,,,
145,14,15,Gutenkunst.out.of.africa,100000,1e-08,1.3228756555322952e-07,0.001,320,93,1542,987405515,False,False,False,False,,,,,,,,,,,,,,,,,,,,,,,,,,,,,,,,,,,,,,,,,
146,14,15,Gutenkunst.out.of.africa,100000,1e-08,6.804457946348874e-07,0.0,424,120,10498,736191869,False,False,False,False,,,,,,,,,,,,,,,,,,,,,,,,,,,,,,,,,,,,,,,,,
147,14,15,Gutenkunst.out.of.africa,100000,1e-08,6.804457946348874e-07,0.001,424,120,10498,736191869,False,False,False,True,,,,,,,,,,,,,,,,,,,,,3.4107013073136594,285.0,0.9747924689773987,259.0967346813788,1.8900000000000001,4.597444089456869,5.943536276513759,1439.0,2.554713560934443,0.6516983325045039,38559.93399454593,38560.02129540274,38559.933994545936,2.73397518154468,2.3966064145140002,2.9046488219552447,38560.021295402745,67907584.0,290686.0,3.628007165838524,6.141033478729988
148,14,15,Gutenkunst.out.of.africa,100000,1e-08,3.500000000000001e-06,0.0,388,106,36090,1183110416,False,False,False,True,,,,,,,,,,,,,,,,,,,,,1.0015166623797158,105.0,0.10905105773247266,72.01231236296171,3.84,3.9740259740259742,0.7477320023970113,612.0,0.4232642783957836,0.10422360385836807,25839.993520169915,25840.156947135572,25839.99352016992,0.2827371193210476,0.2806886787037807,0.44444558218998037,25840.156947135572,95080448.0,742981.0,1.0715496487519425,0.7545026314034265
149,14,15,Gutenkunst.out.of.africa,100000,1e-08,3.500000000000001e-06,0.001,388,106,36090,1183110416,False,False,False,False,,,,,,,,,,,,,,,,,,,,,,,,,,,,,,,,,,,,,,,,,
150,15,15,Gutenkunst.out.of.africa,100000,1e-08,4.999999999999999e-09,0.0,339,96,55,2042431147,False,False,False,False,,,,,,,,,,,,,,,,,,,,,,,,,,,,,,,,,,,,,,,,,
151,15,15,Gutenkunst.out.of.africa,100000,1e-08,4.999999999999999e-09,0.001,339,96,55,2042431147,False,False,False,False,,,,,,,,,,,,,,,,,,,,,,,,,,,,,,,,,,,,,,,,,
152,15,15,Gutenkunst.out.of.africa,100000,1e-08,2.5718433618052004e-08,0.0,360,97,303,668340639,False,False,False,False,,,,,,,,,,,,,,,,,,,,,,,,,,,,,,,,,,,,,,,,,
153,15,15,Gutenkunst.out.of.africa,100000,1e-08,2.5718433618052004e-08,0.001,360,97,303,668340639,False,False,False,False,,,,,,,,,,,,,,,,,,,,,,,,,,,,,,,,,,,,,,,,,
154,15,15,Gutenkunst.out.of.africa,100000,1e-08,1.3228756555322952e-07,0.0,217,60,1146,1134470917,False,False,False,False,,,,,,,,,,,,,,,,,,,,,,,,,,,,,,,,,,,,,,,,,
155,15,15,Gutenkunst.out.of.africa,100000,1e-08,1.3228756555322952e-07,0.001,217,60,1146,1134470917,False,False,False,False,,,,,,,,,,,,,,,,,,,,,,,,,,,,,,,,,,,,,,,,,
156,15,15,Gutenkunst.out.of.africa,100000,1e-08,6.804457946348874e-07,0.0,295,81,6821,806389049,False,False,False,False,,,,,,,,,,,,,,,,,,,,,,,,,,,,,,,,,,,,,,,,,
157,15,15,Gutenkunst.out.of.africa,100000,1e-08,6.804457946348874e-07,0.001,295,81,6821,806389049,False,False,False,False,,,,,,,,,,,,,,,,,,,,,,,,,,,,,,,,,,,,,,,,,
158,15,15,Gutenkunst.out.of.africa,100000,1e-08,3.500000000000001e-06,0.0,315,90,38392,2014329324,False,False,False,False,,,,,,,,,,,,,,,,,,,,,,,,,,,,,,,,,,,,,,,,,
159,15,15,Gutenkunst.out.of.africa,100000,1e-08,3.500000000000001e-06,0.001,315,90,38392,2014329324,False,False,False,False,,,,,,,,,,,,,,,,,,,,,,,,,,,,,,,,,,,,,,,,,
160,16,15,Gutenkunst.out.of.africa,100000,1e-08,4.999999999999999e-09,0.0,378,111,66,1100405605,False,False,False,True,,,,,,,,,,,,,,,,,,,,,11.641950758323322,32.0,3.7055023278092576,26.83984375,0.5700000000000001,3.6875,17.37799601733629,118.0,11.8864652777255,,30541.37549307376,30541.627241892587,30541.37549307376,13.470331791658865,10.807359496996831,15.104372273149014,30541.627241892587,56352768.0,78781.0,12.311032937202192,21.41349972377697
161,16,15,Gutenkunst.out.of.africa,100000,1e-08,4.999999999999999e-09,0.001,378,111,66,1100405605,False,False,False,False,,,,,,,,,,,,,,,,,,,,,,,,,,,,,,,,,,,,,,,,,
162,16,15,Gutenkunst.out.of.africa,100000,1e-08,2.5718433618052004e-08,0.0,298,92,362,1188110358,False,False,False,False,,,,,,,,,,,,,,,,,,,,,,,,,,,,,,,,,,,,,,,,,
163,16,15,Gutenkunst.out.of.africa,100000,1e-08,2.5718433618052004e-08,0.001,298,92,362,1188110358,False,False,False,True,,,,,,,,,,,,,,,,,,,,,10.358935568765988,38.0,2.7552168805426325,24.80006858710562,0.61,3.574074074074074,12.319357969956695,193.0,7.565767586166966,,34401.524767225106,34401.71681609908,34401.5247672251,7.892065956283476,7.069738903948254,8.507382764838976,34401.716816099084,56467456.0,83729.0,10.047813654358729,12.60040788334952
164,16,15,Gutenkunst.out.of.africa,100000,1e-08,1.3228756555322952e-07,0.0,367,102,1515,827040674,False,True,False,False,,,,,,,,,,,,14.81,8.193157361545644,,4.13037,8.294212706197065,,5.27374,682921984.0,1.336955,,,,,,,,,,,,,,,,,,,,,
165,16,15,Gutenkunst.out.of.africa,100000,1e-08,1.3228756555322952e-07,0.001,367,102,1515,827040674,False,False,False,False,,,,,,,,,,,,,,,,,,,,,,,,,,,,,,,,,,,,,,,,,
166,16,15,Gutenkunst.out.of.africa,100000,1e-08,6.804457946348874e-07,0.0,283,80,7292,132976241,False,False,False,False,,,,,,,,,,,,,,,,,,,,,,,,,,,,,,,,,,,,,,,,,
167,16,15,Gutenkunst.out.of.africa,100000,1e-08,6.804457946348874e-07,0.001,283,80,7292,132976241,False,False,False,False,,,,,,,,,,,,,,,,,,,,,,,,,,,,,,,,,,,,,,,,,
168,16,15,Gutenkunst.out.of.africa,100000,1e-08,3.500000000000001e-06,0.0,275,78,34661,1571704117,False,False,False,False,,,,,,,,,,,,,,,,,,,,,,,,,,,,,,,,,,,,,,,,,
169,16,15,Gutenkunst.out.of.africa,100000,1e-08,3.500000000000001e-06,0.001,275,78,34661,1571704117,False,False,False,False,,,,,,,,,,,,,,,,,,,,,,,,,,,,,,,,,,,,,,,,,
170,17,15,Gutenkunst.out.of.africa,100000,1e-08,4.999999999999999e-09,0.0,300,86,67,1409280518,False,True,False,False,,,,,,,,,,,,1.4600000000000002,25.240776872527142,,17.13662,17.7137512086062,,18.96013,72126464.0,4.050915,,,,,,,,,,,,,,,,,,,,,
171,17,15,Gutenkunst.out.of.africa,100000,1e-08,4.999999999999999e-09,0.001,300,86,67,1409280518,False,False,False,False,,,,,,,,,,,,,,,,,,,,,,,,,,,,,,,,,,,,,,,,,
172,17,15,Gutenkunst.out.of.africa,100000,1e-08,2.5718433618052004e-08,0.0,370,105,368,613877172,False,False,False,False,,,,,,,,,,,,,,,,,,,,,,,,,,,,,,,,,,,,,,,,,
173,17,15,Gutenkunst.out.of.africa,100000,1e-08,2.5718433618052004e-08,0.001,370,105,368,613877172,False,True,False,False,,,,,,,,,,,,6.65,15.03440878749657,,9.50439,11.801919233485338,,10.6974,248741888.0,2.90163,,,,,,,,,,,,,,,,,,,,,
174,17,15,Gutenkunst.out.of.africa,100000,1e-08,1.3228756555322952e-07,0.0,273,76,1247,1316869889,False,False,False,False,,,,,,,,,,,,,,,,,,,,,,,,,,,,,,,,,,,,,,,,,
175,17,15,Gutenkunst.out.of.africa,100000,1e-08,1.3228756555322952e-07,0.001,273,76,1247,1316869889,False,False,False,False,,,,,,,,,,,,,,,,,,,,,,,,,,,,,,,,,,,,,,,,,
176,17,15,Gutenkunst.out.of.africa,100000,1e-08,6.804457946348874e-07,0.0,266,72,6379,1727042129,False,False,False,False,,,,,,,,,,,,,,,,,,,,,,,,,,,,,,,,,,,,,,,,,
177,17,15,Gutenkunst.out.of.africa,100000,1e-08,6.804457946348874e-07,0.001,266,72,6379,1727042129,False,False,False,True,,,,,,,,,,,,,,,,,,,,,4.62015749445139,167.0,1.080427714075084,154.48741094070763,1.34,4.565934065934066,6.101948496664451,831.0,2.7637943417222077,0.6479914242271447,23507.7302182283,23507.823163983405,23507.7302182283,2.82677393380175,2.5881776205274427,3.0384248168280346,23507.8231639834,63340544.0,199205.0,4.411157502410548,6.680509543845674
178,17,15,Gutenkunst.out.of.africa,100000,1e-08,3.500000000000001e-06,0.0,270,70,30771,604673986,False,False,False,False,,,,,,,,,,,,,,,,,,,,,,,,,,,,,,,,,,,,,,,,,
179,17,15,Gutenkunst.out.of.africa,100000,1e-08,3.500000000000001e-06,0.001,270,70,30771,604673986,False,False,False,False,,,,,,,,,,,,,,,,,,,,,,,,,,,,,,,,,,,,,,,,,
180,18,15,Gutenkunst.out.of.africa,100000,1e-08,4.999999999999999e-09,0.0,439,121,68,1323776935,False,False,False,True,,,,,,,,,,,,,,,,,,,,,13.341632436278987,31.0,4.022390264942481,24.211202938475665,0.62,4.03030303030303,20.498733219825812,133.0,13.102332623296839,,35350.40281907323,35350.57512146696,35350.40281907323,15.26862426509852,11.857402214782713,17.149538727260666,35350.575121466965,56086528.0,78781.0,15.570482883830929,24.996840473447257
181,18,15,Gutenkunst.out.of.africa,100000,1e-08,4.999999999999999e-09,0.001,439,121,68,1323776935,False,False,False,False,,,,,,,,,,,,,,,,,,,,,,,,,,,,,,,,,,,,,,,,,
182,18,15,Gutenkunst.out.of.africa,100000,1e-08,2.5718433618052004e-08,0.0,247,70,275,867917738,False,False,False,False,,,,,,,,,,,,,,,,,,,,,,,,,,,,,,,,,,,,,,,,,
183,18,15,Gutenkunst.out.of.africa,100000,1e-08,2.5718433618052004e-08,0.001,247,70,275,867917738,False,False,False,False,,,,,,,,,,,,,,,,,,,,,,,,,,,,,,,,,,,,,,,,,
184,18,15,Gutenkunst.out.of.africa,100000,1e-08,1.3228756555322952e-07,0.0,327,92,1455,1621749006,False,False,False,False,,,,,,,,,,,,,,,,,,,,,,,,,,,,,,,,,,,,,,,,,
185,18,15,Gutenkunst.out.of.africa,100000,1e-08,1.3228756555322952e-07,0.001,327,92,1455,1621749006,False,False,False,False,,,,,,,,,,,,,,,,,,,,,,,,,,,,,,,,,,,,,,,,,
186,18,15,Gutenkunst.out.of.africa,100000,1e-08,6.804457946348874e-07,0.0,424,119,8840,413100871,False,False,False,False,,,,,,,,,,,,,,,,,,,,,,,,,,,,,,,,,,,,,,,,,
187,18,15,Gutenkunst.out.of.africa,100000,1e-08,6.804457946348874e-07,0.001,424,119,8840,413100871,False,False,False,False,,,,,,,,,,,,,,,,,,,,,,,,,,,,,,,,,,,,,,,,,
188,18,15,Gutenkunst.out.of.africa,100000,1e-08,3.500000000000001e-06,0.0,350,98,41877,942118229,False,False,False,False,,,,,,,,,,,,,,,,,,,,,,,,,,,,,,,,,,,,,,,,,
189,18,15,Gutenkunst.out.of.africa,100000,1e-08,3.500000000000001e-06,0.001,350,98,41877,942118229,False,False,False,False,,,,,,,,,,,,,,,,,,,,,,,,,,,,,,,,,,,,,,,,,
190,19,15,Gutenkunst.out.of.africa,100000,1e-08,4.999999999999999e-09,0.0,248,70,43,1051453534,True,False,False,True,4.245810229662656,47.0,17.333505634894124,2072576.0,15.349058615891092,69736.0,21851.482923285028,18.360376213855496,21852.254478285027,0.0,20.96169556413261,,,,,,,,,,15.832630534084942,12.0,4.273577253661796,6.46484375,0.5800000000000001,3.6875,22.57488722362131,59.0,14.043833159843743,,21917.345005001072,21918.347976071756,21917.34500500107,16.633828030982233,12.498042926562066,18.446188642444778,21918.347976071753,56143872.0,76733.0,15.09794184724088,29.016717505533286
191,19,15,Gutenkunst.out.of.africa,100000,1e-08,4.999999999999999e-09,0.001,248,70,43,1051453534,False,False,False,False,,,,,,,,,,,,,,,,,,,,,,,,,,,,,,,,,,,,,,,,,
192,19,15,Gutenkunst.out.of.africa,100000,1e-08,2.5718433618052004e-08,0.0,298,81,327,1631696659,False,False,False,False,,,,,,,,,,,,,,,,,,,,,,,,,,,,,,,,,,,,,,,,,
193,19,15,Gutenkunst.out.of.africa,100000,1e-08,2.5718433618052004e-08,0.001,298,81,327,1631696659,False,False,False,False,,,,,,,,,,,,,,,,,,,,,,,,,,,,,,,,,,,,,,,,,
194,19,15,Gutenkunst.out.of.africa,100000,1e-08,1.3228756555322952e-07,0.0,316,90,1456,165798952,False,True,False,False,,,,,,,,,,,,12.43,7.229015194278112,,3.25266,8.410700329332187,,4.60568,671969280.0,1.09114,,,,,,,,,,,,,,,,,,,,,
195,19,15,Gutenkunst.out.of.africa,100000,1e-08,1.3228756555322952e-07,0.001,316,90,1456,165798952,False,True,False,True,,,,,,,,,,,,16.61,9.287473364212468,,4.78383,8.822903282877734,,6.1244,644079616.0,1.64098,6.096949400092067,73.0,1.7172466347465065,46.95324614300258,0.8500000000000001,3.8053097345132745,9.580536032594903,430.0,5.091395861307668,1.591483948615067,27213.64253336585,27213.744261429347,27213.642533365848,5.099742638687957,4.777061799854225,5.469618031895374,27213.744261429347,57880576.0,107724.0,6.182343113286388,10.438217277836154
196,19,15,Gutenkunst.out.of.africa,100000,1e-08,6.804457946348874e-07,0.0,377,107,8828,263541056,False,False,False,False,,,,,,,,,,,,,,,,,,,,,,,,,,,,,,,,,,,,,,,,,
197,19,15,Gutenkunst.out.of.africa,100000,1e-08,6.804457946348874e-07,0.001,377,107,8828,263541056,False,True,False,False,,,,,,,,,,,,39.9,6.9087781755546915,,3.74975,7.218833078434075,,4.86599,1561690112.0,1.197005,,,,,,,,,,,,,,,,,,,,,
198,19,15,Gutenkunst.out.of.africa,100000,1e-08,3.500000000000001e-06,0.0,414,114,51422,1640504192,False,False,False,False,,,,,,,,,,,,,,,,,,,,,,,,,,,,,,,,,,,,,,,,,
199,19,15,Gutenkunst.out.of.africa,100000,1e-08,3.500000000000001e-06,0.001,414,114,51422,1640504192,False,False,False,False,,,,,,,,,,,,,,,,,,,,,,,,,,,,,,,,,,,,,,,,,
200,20,15,Gutenkunst.out.of.africa,100000,1e-08,4.999999999999999e-09,0.0,251,73,47,1905147405,False,False,False,False,,,,,,,,,,,,,,,,,,,,,,,,,,,,,,,,,,,,,,,,,
201,20,15,Gutenkunst.out.of.africa,100000,1e-08,4.999999999999999e-09,0.001,251,73,47,1905147405,False,False,False,False,,,,,,,,,,,,,,,,,,,,,,,,,,,,,,,,,,,,,,,,,
202,20,15,Gutenkunst.out.of.africa,100000,1e-08,2.5718433618052004e-08,0.0,446,126,358,476754817,False,False,False,False,,,,,,,,,,,,,,,,,,,,,,,,,,,,,,,,,,,,,,,,,
203,20,15,Gutenkunst.out.of.africa,100000,1e-08,2.5718433618052004e-08,0.001,446,126,358,476754817,False,False,False,False,,,,,,,,,,,,,,,,,,,,,,,,,,,,,,,,,,,,,,,,,
204,20,15,Gutenkunst.out.of.africa,100000,1e-08,1.3228756555322952e-07,0.0,315,88,1674,1389695619,False,False,False,True,,,,,,,,,,,,,,,,,,,,,6.052881356534732,63.0,1.2669124104523286,38.909090909090914,1.0,3.6666666666666665,8.201155609926701,363.0,3.820316353690722,1.2038356927762552,31151.711272405184,31151.906723862943,31151.711272405177,3.760936878390294,3.4952132402214686,4.109301102668588,31151.906723862943,57749504.0,109564.0,6.070542766720988,8.669674174740605
205,20,15,Gutenkunst.out.of.africa,100000,1e-08,1.3228756555322952e-07,0.001,315,88,1674,1389695619,False,False,False,False,,,,,,,,,,,,,,,,,,,,,,,,,,,,,,,,,,,,,,,,,
206,20,15,Gutenkunst.out.of.africa,100000,1e-08,6.804457946348874e-07,0.0,264,80,5385,687209714,False,False,False,False,,,,,,,,,,,,,,,,,,,,,,,,,,,,,,,,,,,,,,,,,
207,20,15,Gutenkunst.out.of.africa,100000,1e-08,6.804457946348874e-07,0.001,264,80,5385,687209714,False,False,False,False,,,,,,,,,,,,,,,,,,,,,,,,,,,,,,,,,,,,,,,,,
208,20,15,Gutenkunst.out.of.africa,100000,1e-08,3.500000000000001e-06,0.0,277,78,34521,338142864,False,False,False,False,,,,,,,,,,,,,,,,,,,,,,,,,,,,,,,,,,,,,,,,,
209,20,15,Gutenkunst.out.of.africa,100000,1e-08,3.500000000000001e-06,0.001,277,78,34521,338142864,False,False,False,False,,,,,,,,,,,,,,,,,,,,,,,,,,,,,,,,,,,,,,,,,
210,21,15,Gutenkunst.out.of.africa,100000,1e-08,4.999999999999999e-09,0.0,270,78,60,558402106,False,False,False,False,,,,,,,,,,,,,,,,,,,,,,,,,,,,,,,,,,,,,,,,,
211,21,15,Gutenkunst.out.of.africa,100000,1e-08,4.999999999999999e-09,0.001,270,78,60,558402106,False,False,False,False,,,,,,,,,,,,,,,,,,,,,,,,,,,,,,,,,,,,,,,,,
212,21,15,Gutenkunst.out.of.africa,100000,1e-08,2.5718433618052004e-08,0.0,273,75,238,1332904594,False,False,False,False,,,,,,,,,,,,,,,,,,,,,,,,,,,,,,,,,,,,,,,,,
213,21,15,Gutenkunst.out.of.africa,100000,1e-08,2.5718433618052004e-08,0.001,273,75,238,1332904594,False,False,False,False,,,,,,,,,,,,,,,,,,,,,,,,,,,,,,,,,,,,,,,,,
214,21,15,Gutenkunst.out.of.africa,100000,1e-08,1.3228756555322952e-07,0.0,415,122,1722,1467228203,False,False,False,True,,,,,,,,,,,,,,,,,,,,,6.706092841152563,78.0,2.463358883707145,47.578824141519256,0.98,3.661290322580645,11.499307165617786,454.0,6.303837517532665,1.899174475026376,33108.831943437275,33109.11482482886,33108.831943437275,7.085795303393271,6.057808241427586,7.3427531409177025,33109.11482482886,57786368.0,111674.0,7.05679001840106,12.615526317239464
215,21,15,Gutenkunst.out.of.africa,100000,1e-08,1.3228756555322952e-07,0.001,415,122,1722,1467228203,False,False,False,False,,,,,,,,,,,,,,,,,,,,,,,,,,,,,,,,,,,,,,,,,
216,21,15,Gutenkunst.out.of.africa,100000,1e-08,6.804457946348874e-07,0.0,298,81,7772,691689745,False,False,False,False,,,,,,,,,,,,,,,,,,,,,,,,,,,,,,,,,,,,,,,,,
217,21,15,Gutenkunst.out.of.africa,100000,1e-08,6.804457946348874e-07,0.001,298,81,7772,691689745,False,True,False,False,,,,,,,,,,,,38.22,5.668042988107529,,2.61076,7.564758864105135,,4.12543,1489829888.0,0.981135,,,,,,,,,,,,,,,,,,,,,
218,21,15,Gutenkunst.out.of.africa,100000,1e-08,3.500000000000001e-06,0.0,333,93,43187,1930685648,False,False,False,False,,,,,,,,,,,,,,,,,,,,,,,,,,,,,,,,,,,,,,,,,
219,21,15,Gutenkunst.out.of.africa,100000,1e-08,3.500000000000001e-06,0.001,333,93,43187,1930685648,False,False,False,False,,,,,,,,,,,,,,,,,,,,,,,,,,,,,,,,,,,,,,,,,
220,22,15,Gutenkunst.out.of.africa,100000,1e-08,4.999999999999999e-09,0.0,301,86,51,867599895,False,False,False,False,,,,,,,,,,,,,,,,,,,,,,,,,,,,,,,,,,,,,,,,,
221,22,15,Gutenkunst.out.of.africa,100000,1e-08,4.999999999999999e-09,0.001,301,86,51,867599895,False,False,False,False,,,,,,,,,,,,,,,,,,,,,,,,,,,,,,,,,,,,,,,,,
222,22,15,Gutenkunst.out.of.africa,100000,1e-08,2.5718433618052004e-08,0.0,252,65,209,519647712,False,False,False,False,,,,,,,,,,,,,,,,,,,,,,,,,,,,,,,,,,,,,,,,,
223,22,15,Gutenkunst.out.of.africa,100000,1e-08,2.5718433618052004e-08,0.001,252,65,209,519647712,False,False,False,False,,,,,,,,,,,,,,,,,,,,,,,,,,,,,,,,,,,,,,,,,
224,22,15,Gutenkunst.out.of.africa,100000,1e-08,1.3228756555322952e-07,0.0,270,78,1412,373959427,False,False,False,False,,,,,,,,,,,,,,,,,,,,,,,,,,,,,,,,,,,,,,,,,
225,22,15,Gutenkunst.out.of.africa,100000,1e-08,1.3228756555322952e-07,0.001,270,78,1412,373959427,False,False,False,False,,,,,,,,,,,,,,,,,,,,,,,,,,,,,,,,,,,,,,,,,
226,22,15,Gutenkunst.out.of.africa,100000,1e-08,6.804457946348874e-07,0.0,312,83,8329,1021907544,False,False,False,False,,,,,,,,,,,,,,,,,,,,,,,,,,,,,,,,,,,,,,,,,
227,22,15,Gutenkunst.out.of.africa,100000,1e-08,6.804457946348874e-07,0.001,312,83,8329,1021907544,False,False,False,False,,,,,,,,,,,,,,,,,,,,,,,,,,,,,,,,,,,,,,,,,
228,22,15,Gutenkunst.out.of.africa,100000,1e-08,3.500000000000001e-06,0.0,358,100,38770,855615444,False,False,False,False,,,,,,,,,,,,,,,,,,,,,,,,,,,,,,,,,,,,,,,,,
229,22,15,Gutenkunst.out.of.africa,100000,1e-08,3.500000000000001e-06,0.001,358,100,38770,855615444,False,False,False,False,,,,,,,,,,,,,,,,,,,,,,,,,,,,,,,,,,,,,,,,,
230,23,15,Gutenkunst.out.of.africa,100000,1e-08,4.999999999999999e-09,0.0,347,94,58,646993230,False,False,False,False,,,,,,,,,,,,,,,,,,,,,,,,,,,,,,,,,,,,,,,,,
231,23,15,Gutenkunst.out.of.africa,100000,1e-08,4.999999999999999e-09,0.001,347,94,58,646993230,False,False,False,False,,,,,,,,,,,,,,,,,,,,,,,,,,,,,,,,,,,,,,,,,
232,23,15,Gutenkunst.out.of.africa,100000,1e-08,2.5718433618052004e-08,0.0,281,80,292,1874578921,False,False,False,False,,,,,,,,,,,,,,,,,,,,,,,,,,,,,,,,,,,,,,,,,
233,23,15,Gutenkunst.out.of.africa,100000,1e-08,2.5718433618052004e-08,0.001,281,80,292,1874578921,False,False,False,False,,,,,,,,,,,,,,,,,,,,,,,,,,,,,,,,,,,,,,,,,
234,23,15,Gutenkunst.out.of.africa,100000,1e-08,1.3228756555322952e-07,0.0,387,110,1506,867755091,False,False,False,False,,,,,,,,,,,,,,,,,,,,,,,,,,,,,,,,,,,,,,,,,
235,23,15,Gutenkunst.out.of.africa,100000,1e-08,1.3228756555322952e-07,0.001,387,110,1506,867755091,False,False,False,False,,,,,,,,,,,,,,,,,,,,,,,,,,,,,,,,,,,,,,,,,
236,23,15,Gutenkunst.out.of.africa,100000,1e-08,6.804457946348874e-07,0.0,332,99,8378,1043206958,False,False,False,False,,,,,,,,,,,,,,,,,,,,,,,,,,,,,,,,,,,,,,,,,
237,23,15,Gutenkunst.out.of.africa,100000,1e-08,6.804457946348874e-07,0.001,332,99,8378,1043206958,False,False,False,False,,,,,,,,,,,,,,,,,,,,,,,,,,,,,,,,,,,,,,,,,
238,23,15,Gutenkunst.out.of.africa,100000,1e-08,3.500000000000001e-06,0.0,314,89,39342,1180919019,False,False,False,False,,,,,,,,,,,,,,,,,,,,,,,,,,,,,,,,,,,,,,,,,
239,23,15,Gutenkunst.out.of.africa,100000,1e-08,3.500000000000001e-06,0.001,314,89,39342,1180919019,False,False,False,False,,,,,,,,,,,,,,,,,,,,,,,,,,,,,,,,,,,,,,,,,
240,24,15,Gutenkunst.out.of.africa,100000,1e-08,4.999999999999999e-09,0.0,376,105,92,949267129,False,False,False,False,,,,,,,,,,,,,,,,,,,,,,,,,,,,,,,,,,,,,,,,,
241,24,15,Gutenkunst.out.of.africa,100000,1e-08,4.999999999999999e-09,0.001,376,105,92,949267129,False,False,False,False,,,,,,,,,,,,,,,,,,,,,,,,,,,,,,,,,,,,,,,,,
242,24,15,Gutenkunst.out.of.africa,100000,1e-08,2.5718433618052004e-08,0.0,301,89,240,1191216436,False,False,False,False,,,,,,,,,,,,,,,,,,,,,,,,,,,,,,,,,,,,,,,,,
243,24,15,Gutenkunst.out.of.africa,100000,1e-08,2.5718433618052004e-08,0.001,301,89,240,1191216436,False,False,False,False,,,,,,,,,,,,,,,,,,,,,,,,,,,,,,,,,,,,,,,,,
244,24,15,Gutenkunst.out.of.africa,100000,1e-08,1.3228756555322952e-07,0.0,336,92,1370,1730570449,False,False,False,False,,,,,,,,,,,,,,,,,,,,,,,,,,,,,,,,,,,,,,,,,
245,24,15,Gutenkunst.out.of.africa,100000,1e-08,1.3228756555322952e-07,0.001,336,92,1370,1730570449,False,False,False,False,,,,,,,,,,,,,,,,,,,,,,,,,,,,,,,,,,,,,,,,,
246,24,15,Gutenkunst.out.of.africa,100000,1e-08,6.804457946348874e-07,0.0,316,95,7875,1484771445,False,False,False,False,,,,,,,,,,,,,,,,,,,,,,,,,,,,,,,,,,,,,,,,,
247,24,15,Gutenkunst.out.of.africa,100000,1e-08,6.804457946348874e-07,0.001,316,95,7875,1484771445,False,False,False,False,,,,,,,,,,,,,,,,,,,,,,,,,,,,,,,,,,,,,,,,,
248,24,15,Gutenkunst.out.of.africa,100000,1e-08,3.500000000000001e-06,0.0,294,80,34218,1842957449,False,False,False,False,,,,,,,,,,,,,,,,,,,,,,,,,,,,,,,,,,,,,,,,,
249,24,15,Gutenkunst.out.of.africa,100000,1e-08,3.500000000000001e-06,0.001,294,80,34218,1842957449,False,False,False,False,,,,,,,,,,,,,,,,,,,,,,,,,,,,,,,,,,,,,,,,,
250,25,15,Gutenkunst.out.of.africa,100000,1e-08,4.999999999999999e-09,0.0,254,70,49,551747662,False,False,False,False,,,,,,,,,,,,,,,,,,,,,,,,,,,,,,,,,,,,,,,,,
251,25,15,Gutenkunst.out.of.africa,100000,1e-08,4.999999999999999e-09,0.001,254,70,49,551747662,False,False,False,False,,,,,,,,,,,,,,,,,,,,,,,,,,,,,,,,,,,,,,,,,
252,25,15,Gutenkunst.out.of.africa,100000,1e-08,2.5718433618052004e-08,0.0,296,85,248,388089359,False,False,False,False,,,,,,,,,,,,,,,,,,,,,,,,,,,,,,,,,,,,,,,,,
253,25,15,Gutenkunst.out.of.africa,100000,1e-08,2.5718433618052004e-08,0.001,296,85,248,388089359,False,False,False,False,,,,,,,,,,,,,,,,,,,,,,,,,,,,,,,,,,,,,,,,,
254,25,15,Gutenkunst.out.of.africa,100000,1e-08,1.3228756555322952e-07,0.0,315,93,1378,1611820752,False,False,False,False,,,,,,,,,,,,,,,,,,,,,,,,,,,,,,,,,,,,,,,,,
255,25,15,Gutenkunst.out.of.africa,100000,1e-08,1.3228756555322952e-07,0.001,315,93,1378,1611820752,False,False,False,True,,,,,,,,,,,,,,,,,,,,,6.525548204266255,69.0,2.354577938777724,67.93725754764716,0.77,4.467532467532467,11.811333465617194,344.0,6.370633025472431,1.6233040916775698,26564.554113030437,26564.666223822656,26564.55411303044,7.041906273658055,6.16853098309876,7.288353039846379,26564.666223822656,57704448.0,103559.0,7.2720496012082965,12.506510529756946
256,25,15,Gutenkunst.out.of.africa,100000,1e-08,6.804457946348874e-07,0.0,232,71,6117,352041423,False,False,False,False,,,,,,,,,,,,,,,,,,,,,,,,,,,,,,,,,,,,,,,,,
257,25,15,Gutenkunst.out.of.africa,100000,1e-08,6.804457946348874e-07,0.001,232,71,6117,352041423,False,False,False,False,,,,,,,,,,,,,,,,,,,,,,,,,,,,,,,,,,,,,,,,,
258,25,15,Gutenkunst.out.of.africa,100000,1e-08,3.500000000000001e-06,0.0,364,104,38911,738394621,False,True,False,False,,,,,,,,,,,,717.92,0.9659708256675147,,0.37027,7.308053641246719,,2.10423,8805978112.0,0.128065,,,,,,,,,,,,,,,,,,,,,
259,25,15,Gutenkunst.out.of.africa,100000,1e-08,3.500000000000001e-06,0.001,364,104,38911,738394621,True,False,False,False,1.9298596943420137,7487.0,8.269029994314707,5943296.0,5.086348937932178,988097.0,23734.179605004796,14.605168635390532,23758.844550305676,4.06,10.194221349252846,,,,,,,,,,,,,,,,,,,,,,,,,,,,,,
260,26,15,Gutenkunst.out.of.africa,100000,1e-08,4.999999999999999e-09,0.0,340,97,55,1242561699,False,False,False,False,,,,,,,,,,,,,,,,,,,,,,,,,,,,,,,,,,,,,,,,,
261,26,15,Gutenkunst.out.of.africa,100000,1e-08,4.999999999999999e-09,0.001,340,97,55,1242561699,False,False,False,False,,,,,,,,,,,,,,,,,,,,,,,,,,,,,,,,,,,,,,,,,
262,26,15,Gutenkunst.out.of.africa,100000,1e-08,2.5718433618052004e-08,0.0,405,117,316,1363062594,False,False,False,False,,,,,,,,,,,,,,,,,,,,,,,,,,,,,,,,,,,,,,,,,
263,26,15,Gutenkunst.out.of.africa,100000,1e-08,2.5718433618052004e-08,0.001,405,117,316,1363062594,False,False,False,False,,,,,,,,,,,,,,,,,,,,,,,,,,,,,,,,,,,,,,,,,
264,26,15,Gutenkunst.out.of.africa,100000,1e-08,1.3228756555322952e-07,0.0,262,70,1210,838408480,False,False,False,False,,,,,,,,,,,,,,,,,,,,,,,,,,,,,,,,,,,,,,,,,
265,26,15,Gutenkunst.out.of.africa,100000,1e-08,1.3228756555322952e-07,0.001,262,70,1210,838408480,True,False,False,False,2.696222169098933,480.0,12.796696137070988,2195456.0,8.709153344172842,99396.0,22016.482239593963,16.77563803750885,22026.649289919424,0.01,13.065723716511705,,,,,,,,,,,,,,,,,,,,,,,,,,,,,,
266,26,15,Gutenkunst.out.of.africa,100000,1e-08,6.804457946348874e-07,0.0,236,70,6827,1107978778,False,False,False,False,,,,,,,,,,,,,,,,,,,,,,,,,,,,,,,,,,,,,,,,,
267,26,15,Gutenkunst.out.of.africa,100000,1e-08,6.804457946348874e-07,0.001,236,70,6827,1107978778,False,False,False,False,,,,,,,,,,,,,,,,,,,,,,,,,,,,,,,,,,,,,,,,,
268,26,15,Gutenkunst.out.of.africa,100000,1e-08,3.500000000000001e-06,0.0,322,91,44989,35962310,False,False,False,False,,,,,,,,,,,,,,,,,,,,,,,,,,,,,,,,,,,,,,,,,
269,26,15,Gutenkunst.out.of.africa,100000,1e-08,3.500000000000001e-06,0.001,322,91,44989,35962310,False,True,False,False,,,,,,,,,,,,267.89,5.07777279673385,,2.2971,5.948864682654446,,3.25833,5134151680.0,0.827645,,,,,,,,,,,,,,,,,,,,,
270,27,15,Gutenkunst.out.of.africa,100000,1e-08,4.999999999999999e-09,0.0,280,73,37,1071088445,False,False,False,False,,,,,,,,,,,,,,,,,,,,,,,,,,,,,,,,,,,,,,,,,
271,27,15,Gutenkunst.out.of.africa,100000,1e-08,4.999999999999999e-09,0.001,280,73,37,1071088445,False,False,False,False,,,,,,,,,,,,,,,,,,,,,,,,,,,,,,,,,,,,,,,,,
272,27,15,Gutenkunst.out.of.africa,100000,1e-08,2.5718433618052004e-08,0.0,345,94,277,328303119,False,False,False,False,,,,,,,,,,,,,,,,,,,,,,,,,,,,,,,,,,,,,,,,,
273,27,15,Gutenkunst.out.of.africa,100000,1e-08,2.5718433618052004e-08,0.001,345,94,277,328303119,False,False,False,False,,,,,,,,,,,,,,,,,,,,,,,,,,,,,,,,,,,,,,,,,
274,27,15,Gutenkunst.out.of.africa,100000,1e-08,1.3228756555322952e-07,0.0,246,67,1299,720241436,False,False,False,False,,,,,,,,,,,,,,,,,,,,,,,,,,,,,,,,,,,,,,,,,
275,27,15,Gutenkunst.out.of.africa,100000,1e-08,1.3228756555322952e-07,0.001,246,67,1299,720241436,False,False,False,False,,,,,,,,,,,,,,,,,,,,,,,,,,,,,,,,,,,,,,,,,
276,27,15,Gutenkunst.out.of.africa,100000,1e-08,6.804457946348874e-07,0.0,293,82,7376,1140946554,False,False,False,False,,,,,,,,,,,,,,,,,,,,,,,,,,,,,,,,,,,,,,,,,
277,27,15,Gutenkunst.out.of.africa,100000,1e-08,6.804457946348874e-07,0.001,293,82,7376,1140946554,False,False,False,False,,,,,,,,,,,,,,,,,,,,,,,,,,,,,,,,,,,,,,,,,
278,27,15,Gutenkunst.out.of.africa,100000,1e-08,3.500000000000001e-06,0.0,348,95,35714,446498299,False,False,False,False,,,,,,,,,,,,,,,,,,,,,,,,,,,,,,,,,,,,,,,,,
279,27,15,Gutenkunst.out.of.africa,100000,1e-08,3.500000000000001e-06,0.001,348,95,35714,446498299,False,False,False,False,,,,,,,,,,,,,,,,,,,,,,,,,,,,,,,,,,,,,,,,,
280,28,15,Gutenkunst.out.of.africa,100000,1e-08,4.999999999999999e-09,0.0,298,85,58,1797859436,False,False,False,False,,,,,,,,,,,,,,,,,,,,,,,,,,,,,,,,,,,,,,,,,
281,28,15,Gutenkunst.out.of.africa,100000,1e-08,4.999999999999999e-09,0.001,298,85,58,1797859436,False,False,False,True,,,,,,,,,,,,,,,,,,,,,16.56543792399643,22.0,4.3681884329819,16.937599999999996,0.7,4.68,22.889674082577017,117.0,13.65156045480526,,29359.42817242311,29359.500032423115,29359.428172423108,17.644180198781488,12.776487451441936,19.136441822409733,29359.50003242311,56025088.0,76733.0,17.8884428281128,29.31083976271638
282,28,15,Gutenkunst.out.of.africa,100000,1e-08,2.5718433618052004e-08,0.0,404,112,406,1078932329,False,False,False,False,,,,,,,,,,,,,,,,,,,,,,,,,,,,,,,,,,,,,,,,,
283,28,15,Gutenkunst.out.of.africa,100000,1e-08,2.5718433618052004e-08,0.001,404,112,406,1078932329,False,False,False,False,,,,,,,,,,,,,,,,,,,,,,,,,,,,,,,,,,,,,,,,,
284,28,15,Gutenkunst.out.of.africa,100000,1e-08,1.3228756555322952e-07,0.0,287,85,1409,1878513457,False,False,False,False,,,,,,,,,,,,,,,,,,,,,,,,,,,,,,,,,,,,,,,,,
285,28,15,Gutenkunst.out.of.africa,100000,1e-08,1.3228756555322952e-07,0.001,287,85,1409,1878513457,False,False,False,False,,,,,,,,,,,,,,,,,,,,,,,,,,,,,,,,,,,,,,,,,
286,28,15,Gutenkunst.out.of.africa,100000,1e-08,6.804457946348874e-07,0.0,441,116,8714,869803459,False,False,False,False,,,,,,,,,,,,,,,,,,,,,,,,,,,,,,,,,,,,,,,,,
287,28,15,Gutenkunst.out.of.africa,100000,1e-08,6.804457946348874e-07,0.001,441,116,8714,869803459,False,False,False,False,,,,,,,,,,,,,,,,,,,,,,,,,,,,,,,,,,,,,,,,,
288,28,15,Gutenkunst.out.of.africa,100000,1e-08,3.500000000000001e-06,0.0,252,83,42207,1120544004,False,False,False,False,,,,,,,,,,,,,,,,,,,,,,,,,,,,,,,,,,,,,,,,,
289,28,15,Gutenkunst.out.of.africa,100000,1e-08,3.500000000000001e-06,0.001,252,83,42207,1120544004,False,False,False,False,,,,,,,,,,,,,,,,,,,,,,,,,,,,,,,,,,,,,,,,,
290,29,15,Gutenkunst.out.of.africa,100000,1e-08,4.999999999999999e-09,0.0,262,73,45,1553548340,False,False,False,False,,,,,,,,,,,,,,,,,,,,,,,,,,,,,,,,,,,,,,,,,
291,29,15,Gutenkunst.out.of.africa,100000,1e-08,4.999999999999999e-09,0.001,262,73,45,1553548340,False,False,False,False,,,,,,,,,,,,,,,,,,,,,,,,,,,,,,,,,,,,,,,,,
292,29,15,Gutenkunst.out.of.africa,100000,1e-08,2.5718433618052004e-08,0.0,294,83,308,562152092,False,False,False,False,,,,,,,,,,,,,,,,,,,,,,,,,,,,,,,,,,,,,,,,,
293,29,15,Gutenkunst.out.of.africa,100000,1e-08,2.5718433618052004e-08,0.001,294,83,308,562152092,False,False,False,False,,,,,,,,,,,,,,,,,,,,,,,,,,,,,,,,,,,,,,,,,
294,29,15,Gutenkunst.out.of.africa,100000,1e-08,1.3228756555322952e-07,0.0,492,135,1743,344666240,False,False,False,False,,,,,,,,,,,,,,,,,,,,,,,,,,,,,,,,,,,,,,,,,
295,29,15,Gutenkunst.out.of.africa,100000,1e-08,1.3228756555322952e-07,0.001,492,135,1743,344666240,False,False,False,False,,,,,,,,,,,,,,,,,,,,,,,,,,,,,,,,,,,,,,,,,
296,29,15,Gutenkunst.out.of.africa,100000,1e-08,6.804457946348874e-07,0.0,365,105,8201,1697490028,False,False,False,False,,,,,,,,,,,,,,,,,,,,,,,,,,,,,,,,,,,,,,,,,
297,29,15,Gutenkunst.out.of.africa,100000,1e-08,6.804457946348874e-07,0.001,365,105,8201,1697490028,False,True,False,False,,,,,,,,,,,,53.86,4.285850827892146,,1.99965,6.799711572074822,,3.07078,1831456768.0,0.601665,,,,,,,,,,,,,,,,,,,,,
298,29,15,Gutenkunst.out.of.africa,100000,1e-08,3.500000000000001e-06,0.0,295,78,31846,1098177596,False,False,False,False,,,,,,,,,,,,,,,,,,,,,,,,,,,,,,,,,,,,,,,,,
299,29,15,Gutenkunst.out.of.africa,100000,1e-08,3.500000000000001e-06,0.001,295,78,31846,1098177596,False,False,False,False,,,,,,,,,,,,,,,,,,,,,,,,,,,,,,,,,,,,,,,,,
300,30,15,Gutenkunst.out.of.africa,100000,1e-08,4.999999999999999e-09,0.0,382,110,61,1128170998,False,False,False,False,,,,,,,,,,,,,,,,,,,,,,,,,,,,,,,,,,,,,,,,,
301,30,15,Gutenkunst.out.of.africa,100000,1e-08,4.999999999999999e-09,0.001,382,110,61,1128170998,False,False,False,False,,,,,,,,,,,,,,,,,,,,,,,,,,,,,,,,,,,,,,,,,
302,30,15,Gutenkunst.out.of.africa,100000,1e-08,2.5718433618052004e-08,0.0,356,102,279,1544128412,False,False,False,False,,,,,,,,,,,,,,,,,,,,,,,,,,,,,,,,,,,,,,,,,
303,30,15,Gutenkunst.out.of.africa,100000,1e-08,2.5718433618052004e-08,0.001,356,102,279,1544128412,False,False,False,False,,,,,,,,,,,,,,,,,,,,,,,,,,,,,,,,,,,,,,,,,
304,30,15,Gutenkunst.out.of.africa,100000,1e-08,1.3228756555322952e-07,0.0,385,108,1650,1803384465,False,False,False,False,,,,,,,,,,,,,,,,,,,,,,,,,,,,,,,,,,,,,,,,,
305,30,15,Gutenkunst.out.of.africa,100000,1e-08,1.3228756555322952e-07,0.001,385,108,1650,1803384465,False,False,False,True,,,,,,,,,,,,,,,,,,,,,6.161516902840552,125.0,1.7529795051994779,123.35831846123338,0.7799999999999999,4.219512195121951,9.6494606481819,519.0,5.285401894078202,1.8141333048981314,31285.771539759895,31286.00580056756,31285.771539759888,5.251302979510955,4.883930375630391,5.706502058817053,31286.00580056756,57872384.0,111733.0,5.842097602123311,10.750377221686149
306,30,15,Gutenkunst.out.of.africa,100000,1e-08,6.804457946348874e-07,0.0,282,79,7755,1803535825,True,False,False,False,1.20051603346796,327.0,6.692562518315632,2691072.0,3.0156079354526546,211068.0,28188.334606910077,15.036238320188636,28193.911004749207,0.04,6.68371361431894,,,,,,,,,,,,,,,,,,,,,,,,,,,,,,
307,30,15,Gutenkunst.out.of.africa,100000,1e-08,6.804457946348874e-07,0.001,282,79,7755,1803535825,False,False,False,False,,,,,,,,,,,,,,,,,,,,,,,,,,,,,,,,,,,,,,,,,
308,30,15,Gutenkunst.out.of.africa,100000,1e-08,3.500000000000001e-06,0.0,238,66,32702,251715352,False,False,False,False,,,,,,,,,,,,,,,,,,,,,,,,,,,,,,,,,,,,,,,,,
309,30,15,Gutenkunst.out.of.africa,100000,1e-08,3.500000000000001e-06,0.001,238,66,32702,251715352,False,False,False,False,,,,,,,,,,,,,,,,,,,,,,,,,,,,,,,,,,,,,,,,,
310,31,15,Gutenkunst.out.of.africa,100000,1e-08,4.999999999999999e-09,0.0,374,108,62,1605647102,False,False,False,False,,,,,,,,,,,,,,,,,,,,,,,,,,,,,,,,,,,,,,,,,
311,31,15,Gutenkunst.out.of.africa,100000,1e-08,4.999999999999999e-09,0.001,374,108,62,1605647102,False,False,False,False,,,,,,,,,,,,,,,,,,,,,,,,,,,,,,,,,,,,,,,,,
312,31,15,Gutenkunst.out.of.africa,100000,1e-08,2.5718433618052004e-08,0.0,371,102,370,1548111398,False,False,False,False,,,,,,,,,,,,,,,,,,,,,,,,,,,,,,,,,,,,,,,,,
313,31,15,Gutenkunst.out.of.africa,100000,1e-08,2.5718433618052004e-08,0.001,371,102,370,1548111398,False,True,False,False,,,,,,,,,,,,6.71,12.02943391438611,,7.16208,10.605357468330043,,8.58777,216154112.0,2.223585,,,,,,,,,,,,,,,,,,,,,
314,31,15,Gutenkunst.out.of.africa,100000,1e-08,1.3228756555322952e-07,0.0,314,86,1801,1625717908,False,False,False,False,,,,,,,,,,,,,,,,,,,,,,,,,,,,,,,,,,,,,,,,,
315,31,15,Gutenkunst.out.of.africa,100000,1e-08,1.3228756555322952e-07,0.001,314,86,1801,1625717908,False,False,False,False,,,,,,,,,,,,,,,,,,,,,,,,,,,,,,,,,,,,,,,,,
316,31,15,Gutenkunst.out.of.africa,100000,1e-08,6.804457946348874e-07,0.0,309,83,6830,1580435434,False,False,False,False,,,,,,,,,,,,,,,,,,,,,,,,,,,,,,,,,,,,,,,,,
317,31,15,Gutenkunst.out.of.africa,100000,1e-08,6.804457946348874e-07,0.001,309,83,6830,1580435434,False,False,False,False,,,,,,,,,,,,,,,,,,,,,,,,,,,,,,,,,,,,,,,,,
318,31,15,Gutenkunst.out.of.africa,100000,1e-08,3.500000000000001e-06,0.0,393,108,49431,1749185856,False,False,False,False,,,,,,,,,,,,,,,,,,,,,,,,,,,,,,,,,,,,,,,,,
319,31,15,Gutenkunst.out.of.africa,100000,1e-08,3.500000000000001e-06,0.001,393,108,49431,1749185856,True,False,False,False,2.55250738088186,14090.0,10.800971965115702,7192576.0,7.677468152222294,1360124.0,35444.92643483661,14.494434778067612,35583.973811289135,10.45,12.666865674325342,,,,,,,,,,,,,,,,,,,,,,,,,,,,,,
320,32,15,Gutenkunst.out.of.africa,100000,1e-08,4.999999999999999e-09,0.0,317,95,53,1058407015,True,False,False,False,3.286233175765914,67.0,15.021570065319263,2076672.0,12.770950065319264,69736.0,27889.262853401695,18.942717472629607,27889.843044682784,0.0,21.58798109159513,,,,,,,,,,,,,,,,,,,,,,,,,,,,,,
321,32,15,Gutenkunst.out.of.africa,100000,1e-08,4.999999999999999e-09,0.001,317,95,53,1058407015,False,False,False,False,,,,,,,,,,,,,,,,,,,,,,,,,,,,,,,,,,,,,,,,,
322,32,15,Gutenkunst.out.of.africa,100000,1e-08,2.5718433618052004e-08,0.0,368,103,373,1815527224,False,False,False,False,,,,,,,,,,,,,,,,,,,,,,,,,,,,,,,,,,,,,,,,,
323,32,15,Gutenkunst.out.of.africa,100000,1e-08,2.5718433618052004e-08,0.001,368,103,373,1815527224,False,False,False,False,,,,,,,,,,,,,,,,,,,,,,,,,,,,,,,,,,,,,,,,,
324,32,15,Gutenkunst.out.of.africa,100000,1e-08,1.3228756555322952e-07,0.0,261,80,1289,380918527,False,False,False,False,,,,,,,,,,,,,,,,,,,,,,,,,,,,,,,,,,,,,,,,,
325,32,15,Gutenkunst.out.of.africa,100000,1e-08,1.3228756555322952e-07,0.001,261,80,1289,380918527,False,False,False,False,,,,,,,,,,,,,,,,,,,,,,,,,,,,,,,,,,,,,,,,,
326,32,15,Gutenkunst.out.of.africa,100000,1e-08,6.804457946348874e-07,0.0,347,95,6837,311164745,False,False,False,False,,,,,,,,,,,,,,,,,,,,,,,,,,,,,,,,,,,,,,,,,
327,32,15,Gutenkunst.out.of.africa,100000,1e-08,6.804457946348874e-07,0.001,347,95,6837,311164745,False,False,False,False,,,,,,,,,,,,,,,,,,,,,,,,,,,,,,,,,,,,,,,,,
328,32,15,Gutenkunst.out.of.africa,100000,1e-08,3.500000000000001e-06,0.0,267,77,32102,218758568,False,False,False,False,,,,,,,,,,,,,,,,,,,,,,,,,,,,,,,,,,,,,,,,,
329,32,15,Gutenkunst.out.of.africa,100000,1e-08,3.500000000000001e-06,0.001,267,77,32102,218758568,False,False,False,False,,,,,,,,,,,,,,,,,,,,,,,,,,,,,,,,,,,,,,,,,
330,33,15,Gutenkunst.out.of.africa,100000,1e-08,4.999999999999999e-09,0.0,328,97,49,370538883,False,False,False,False,,,,,,,,,,,,,,,,,,,,,,,,,,,,,,,,,,,,,,,,,
331,33,15,Gutenkunst.out.of.africa,100000,1e-08,4.999999999999999e-09,0.001,328,97,49,370538883,False,False,False,False,,,,,,,,,,,,,,,,,,,,,,,,,,,,,,,,,,,,,,,,,
332,33,15,Gutenkunst.out.of.africa,100000,1e-08,2.5718433618052004e-08,0.0,324,93,290,1953713083,False,False,False,False,,,,,,,,,,,,,,,,,,,,,,,,,,,,,,,,,,,,,,,,,
333,33,15,Gutenkunst.out.of.africa,100000,1e-08,2.5718433618052004e-08,0.001,324,93,290,1953713083,False,False,False,False,,,,,,,,,,,,,,,,,,,,,,,,,,,,,,,,,,,,,,,,,
334,33,15,Gutenkunst.out.of.africa,100000,1e-08,1.3228756555322952e-07,0.0,345,98,1733,1436677127,False,False,False,False,,,,,,,,,,,,,,,,,,,,,,,,,,,,,,,,,,,,,,,,,
335,33,15,Gutenkunst.out.of.africa,100000,1e-08,1.3228756555322952e-07,0.001,345,98,1733,1436677127,False,False,False,False,,,,,,,,,,,,,,,,,,,,,,,,,,,,,,,,,,,,,,,,,
336,33,15,Gutenkunst.out.of.africa,100000,1e-08,6.804457946348874e-07,0.0,332,89,7577,700466639,False,False,False,False,,,,,,,,,,,,,,,,,,,,,,,,,,,,,,,,,,,,,,,,,
337,33,15,Gutenkunst.out.of.africa,100000,1e-08,6.804457946348874e-07,0.001,332,89,7577,700466639,False,False,False,False,,,,,,,,,,,,,,,,,,,,,,,,,,,,,,,,,,,,,,,,,
338,33,15,Gutenkunst.out.of.africa,100000,1e-08,3.500000000000001e-06,0.0,327,92,43693,241837109,False,False,False,False,,,,,,,,,,,,,,,,,,,,,,,,,,,,,,,,,,,,,,,,,
339,33,15,Gutenkunst.out.of.africa,100000,1e-08,3.500000000000001e-06,0.001,327,92,43693,241837109,False,False,False,False,,,,,,,,,,,,,,,,,,,,,,,,,,,,,,,,,,,,,,,,,
340,34,15,Gutenkunst.out.of.africa,100000,1e-08,4.999999999999999e-09,0.0,277,78,43,788832551,False,False,False,False,,,,,,,,,,,,,,,,,,,,,,,,,,,,,,,,,,,,,,,,,
341,34,15,Gutenkunst.out.of.africa,100000,1e-08,4.999999999999999e-09,0.001,277,78,43,788832551,False,False,False,False,,,,,,,,,,,,,,,,,,,,,,,,,,,,,,,,,,,,,,,,,
342,34,15,Gutenkunst.out.of.africa,100000,1e-08,2.5718433618052004e-08,0.0,365,98,320,1829461025,False,False,False,False,,,,,,,,,,,,,,,,,,,,,,,,,,,,,,,,,,,,,,,,,
343,34,15,Gutenkunst.out.of.africa,100000,1e-08,2.5718433618052004e-08,0.001,365,98,320,1829461025,False,False,False,False,,,,,,,,,,,,,,,,,,,,,,,,,,,,,,,,,,,,,,,,,
344,34,15,Gutenkunst.out.of.africa,100000,1e-08,1.3228756555322952e-07,0.0,346,98,1473,1738357430,False,False,False,False,,,,,,,,,,,,,,,,,,,,,,,,,,,,,,,,,,,,,,,,,
345,34,15,Gutenkunst.out.of.africa,100000,1e-08,1.3228756555322952e-07,0.001,346,98,1473,1738357430,False,False,False,False,,,,,,,,,,,,,,,,,,,,,,,,,,,,,,,,,,,,,,,,,
346,34,15,Gutenkunst.out.of.africa,100000,1e-08,6.804457946348874e-07,0.0,349,101,8952,510588602,False,False,False,False,,,,,,,,,,,,,,,,,,,,,,,,,,,,,,,,,,,,,,,,,
347,34,15,Gutenkunst.out.of.africa,100000,1e-08,6.804457946348874e-07,0.001,349,101,8952,510588602,False,False,False,False,,,,,,,,,,,,,,,,,,,,,,,,,,,,,,,,,,,,,,,,,
348,34,15,Gutenkunst.out.of.africa,100000,1e-08,3.500000000000001e-06,0.0,442,127,50120,604723176,False,False,False,False,,,,,,,,,,,,,,,,,,,,,,,,,,,,,,,,,,,,,,,,,
349,34,15,Gutenkunst.out.of.africa,100000,1e-08,3.500000000000001e-06,0.001,442,127,50120,604723176,False,False,False,False,,,,,,,,,,,,,,,,,,,,,,,,,,,,,,,,,,,,,,,,,
350,35,15,Gutenkunst.out.of.africa,100000,1e-08,4.999999999999999e-09,0.0,294,85,63,1307161656,False,False,False,False,,,,,,,,,,,,,,,,,,,,,,,,,,,,,,,,,,,,,,,,,
351,35,15,Gutenkunst.out.of.africa,100000,1e-08,4.999999999999999e-09,0.001,294,85,63,1307161656,False,False,False,False,,,,,,,,,,,,,,,,,,,,,,,,,,,,,,,,,,,,,,,,,
352,35,15,Gutenkunst.out.of.africa,100000,1e-08,2.5718433618052004e-08,0.0,296,87,282,1621544200,False,False,False,False,,,,,,,,,,,,,,,,,,,,,,,,,,,,,,,,,,,,,,,,,
353,35,15,Gutenkunst.out.of.africa,100000,1e-08,2.5718433618052004e-08,0.001,296,87,282,1621544200,False,False,False,False,,,,,,,,,,,,,,,,,,,,,,,,,,,,,,,,,,,,,,,,,
354,35,15,Gutenkunst.out.of.africa,100000,1e-08,1.3228756555322952e-07,0.0,411,119,2030,1023808787,False,False,False,False,,,,,,,,,,,,,,,,,,,,,,,,,,,,,,,,,,,,,,,,,
355,35,15,Gutenkunst.out.of.africa,100000,1e-08,1.3228756555322952e-07,0.001,411,119,2030,1023808787,False,False,False,False,,,,,,,,,,,,,,,,,,,,,,,,,,,,,,,,,,,,,,,,,
356,35,15,Gutenkunst.out.of.africa,100000,1e-08,6.804457946348874e-07,0.0,314,89,7737,1498526577,False,False,False,False,,,,,,,,,,,,,,,,,,,,,,,,,,,,,,,,,,,,,,,,,
357,35,15,Gutenkunst.out.of.africa,100000,1e-08,6.804457946348874e-07,0.001,314,89,7737,1498526577,False,False,False,False,,,,,,,,,,,,,,,,,,,,,,,,,,,,,,,,,,,,,,,,,
358,35,15,Gutenkunst.out.of.africa,100000,1e-08,3.500000000000001e-06,0.0,216,60,30268,1009145096,False,False,False,False,,,,,,,,,,,,,,,,,,,,,,,,,,,,,,,,,,,,,,,,,
359,35,15,Gutenkunst.out.of.africa,100000,1e-08,3.500000000000001e-06,0.001,216,60,30268,1009145096,False,False,False,False,,,,,,,,,,,,,,,,,,,,,,,,,,,,,,,,,,,,,,,,,
360,36,15,Gutenkunst.out.of.africa,100000,1e-08,4.999999999999999e-09,0.0,356,104,78,1634564806,False,False,False,False,,,,,,,,,,,,,,,,,,,,,,,,,,,,,,,,,,,,,,,,,
361,36,15,Gutenkunst.out.of.africa,100000,1e-08,4.999999999999999e-09,0.001,356,104,78,1634564806,False,False,False,False,,,,,,,,,,,,,,,,,,,,,,,,,,,,,,,,,,,,,,,,,
362,36,15,Gutenkunst.out.of.africa,100000,1e-08,2.5718433618052004e-08,0.0,186,52,201,1485419168,False,False,False,False,,,,,,,,,,,,,,,,,,,,,,,,,,,,,,,,,,,,,,,,,
363,36,15,Gutenkunst.out.of.africa,100000,1e-08,2.5718433618052004e-08,0.001,186,52,201,1485419168,False,False,False,False,,,,,,,,,,,,,,,,,,,,,,,,,,,,,,,,,,,,,,,,,
364,36,15,Gutenkunst.out.of.africa,100000,1e-08,1.3228756555322952e-07,0.0,267,71,1456,1066736453,False,False,False,False,,,,,,,,,,,,,,,,,,,,,,,,,,,,,,,,,,,,,,,,,
365,36,15,Gutenkunst.out.of.africa,100000,1e-08,1.3228756555322952e-07,0.001,267,71,1456,1066736453,False,False,False,False,,,,,,,,,,,,,,,,,,,,,,,,,,,,,,,,,,,,,,,,,
366,36,15,Gutenkunst.out.of.africa,100000,1e-08,6.804457946348874e-07,0.0,419,116,9123,1843837106,False,False,False,False,,,,,,,,,,,,,,,,,,,,,,,,,,,,,,,,,,,,,,,,,
367,36,15,Gutenkunst.out.of.africa,100000,1e-08,6.804457946348874e-07,0.001,419,116,9123,1843837106,False,False,False,True,,,,,,,,,,,,,,,,,,,,,3.477408631257299,269.0,1.0522707292242226,230.57253716301338,1.9000000000000001,4.587301587301587,6.5473566916951595,1445.0,3.054531915462036,0.6814408371501596,33492.42005836563,33492.47760213382,33492.42005836563,3.283644641429519,2.9230385600820754,3.4506059729662417,33492.47760213382,63893504.0,267767.0,3.6639987773931595,7.049979784464183
368,36,15,Gutenkunst.out.of.africa,100000,1e-08,3.500000000000001e-06,0.0,305,84,45023,702045715,False,False,False,False,,,,,,,,,,,,,,,,,,,,,,,,,,,,,,,,,,,,,,,,,
369,36,15,Gutenkunst.out.of.africa,100000,1e-08,3.500000000000001e-06,0.001,305,84,45023,702045715,False,False,False,False,,,,,,,,,,,,,,,,,,,,,,,,,,,,,,,,,,,,,,,,,
370,37,15,Gutenkunst.out.of.africa,100000,1e-08,4.999999999999999e-09,0.0,329,89,62,23621131,False,False,False,False,,,,,,,,,,,,,,,,,,,,,,,,,,,,,,,,,,,,,,,,,
371,37,15,Gutenkunst.out.of.africa,100000,1e-08,4.999999999999999e-09,0.001,329,89,62,23621131,False,False,False,False,,,,,,,,,,,,,,,,,,,,,,,,,,,,,,,,,,,,,,,,,
372,37,15,Gutenkunst.out.of.africa,100000,1e-08,2.5718433618052004e-08,0.0,393,111,343,360176970,False,False,False,False,,,,,,,,,,,,,,,,,,,,,,,,,,,,,,,,,,,,,,,,,
373,37,15,Gutenkunst.out.of.africa,100000,1e-08,2.5718433618052004e-08,0.001,393,111,343,360176970,False,False,False,False,,,,,,,,,,,,,,,,,,,,,,,,,,,,,,,,,,,,,,,,,
374,37,15,Gutenkunst.out.of.africa,100000,1e-08,1.3228756555322952e-07,0.0,391,108,1847,1983810860,False,False,False,False,,,,,,,,,,,,,,,,,,,,,,,,,,,,,,,,,,,,,,,,,
375,37,15,Gutenkunst.out.of.africa,100000,1e-08,1.3228756555322952e-07,0.001,391,108,1847,1983810860,False,False,False,False,,,,,,,,,,,,,,,,,,,,,,,,,,,,,,,,,,,,,,,,,
376,37,15,Gutenkunst.out.of.africa,100000,1e-08,6.804457946348874e-07,0.0,370,105,7321,1036619563,False,False,False,False,,,,,,,,,,,,,,,,,,,,,,,,,,,,,,,,,,,,,,,,,
377,37,15,Gutenkunst.out.of.africa,100000,1e-08,6.804457946348874e-07,0.001,370,105,7321,1036619563,False,False,False,False,,,,,,,,,,,,,,,,,,,,,,,,,,,,,,,,,,,,,,,,,
378,37,15,Gutenkunst.out.of.africa,100000,1e-08,3.500000000000001e-06,0.0,269,75,31380,1373830417,False,False,False,False,,,,,,,,,,,,,,,,,,,,,,,,,,,,,,,,,,,,,,,,,
379,37,15,Gutenkunst.out.of.africa,100000,1e-08,3.500000000000001e-06,0.001,269,75,31380,1373830417,False,False,False,False,,,,,,,,,,,,,,,,,,,,,,,,,,,,,,,,,,,,,,,,,
380,38,15,Gutenkunst.out.of.africa,100000,1e-08,4.999999999999999e-09,0.0,255,70,54,2029127050,False,False,False,False,,,,,,,,,,,,,,,,,,,,,,,,,,,,,,,,,,,,,,,,,
381,38,15,Gutenkunst.out.of.africa,100000,1e-08,4.999999999999999e-09,0.001,255,70,54,2029127050,False,False,False,False,,,,,,,,,,,,,,,,,,,,,,,,,,,,,,,,,,,,,,,,,
382,38,15,Gutenkunst.out.of.africa,100000,1e-08,2.5718433618052004e-08,0.0,387,107,341,1962233100,False,False,False,False,,,,,,,,,,,,,,,,,,,,,,,,,,,,,,,,,,,,,,,,,
383,38,15,Gutenkunst.out.of.africa,100000,1e-08,2.5718433618052004e-08,0.001,387,107,341,1962233100,False,False,False,False,,,,,,,,,,,,,,,,,,,,,,,,,,,,,,,,,,,,,,,,,
384,38,15,Gutenkunst.out.of.africa,100000,1e-08,1.3228756555322952e-07,0.0,237,67,1109,514266202,False,False,False,False,,,,,,,,,,,,,,,,,,,,,,,,,,,,,,,,,,,,,,,,,
385,38,15,Gutenkunst.out.of.africa,100000,1e-08,1.3228756555322952e-07,0.001,237,67,1109,514266202,False,False,False,False,,,,,,,,,,,,,,,,,,,,,,,,,,,,,,,,,,,,,,,,,
386,38,15,Gutenkunst.out.of.africa,100000,1e-08,6.804457946348874e-07,0.0,302,79,6072,1160804345,False,False,False,False,,,,,,,,,,,,,,,,,,,,,,,,,,,,,,,,,,,,,,,,,
387,38,15,Gutenkunst.out.of.africa,100000,1e-08,6.804457946348874e-07,0.001,302,79,6072,1160804345,False,False,False,False,,,,,,,,,,,,,,,,,,,,,,,,,,,,,,,,,,,,,,,,,
388,38,15,Gutenkunst.out.of.africa,100000,1e-08,3.500000000000001e-06,0.0,324,84,41995,103278084,False,False,False,False,,,,,,,,,,,,,,,,,,,,,,,,,,,,,,,,,,,,,,,,,
389,38,15,Gutenkunst.out.of.africa,100000,1e-08,3.500000000000001e-06,0.001,324,84,41995,103278084,False,False,False,False,,,,,,,,,,,,,,,,,,,,,,,,,,,,,,,,,,,,,,,,,
390,39,15,Gutenkunst.out.of.africa,100000,1e-08,4.999999999999999e-09,0.0,295,81,36,103946990,False,False,False,False,,,,,,,,,,,,,,,,,,,,,,,,,,,,,,,,,,,,,,,,,
391,39,15,Gutenkunst.out.of.africa,100000,1e-08,4.999999999999999e-09,0.001,295,81,36,103946990,False,False,False,False,,,,,,,,,,,,,,,,,,,,,,,,,,,,,,,,,,,,,,,,,
392,39,15,Gutenkunst.out.of.africa,100000,1e-08,2.5718433618052004e-08,0.0,393,107,354,1890565278,False,False,False,False,,,,,,,,,,,,,,,,,,,,,,,,,,,,,,,,,,,,,,,,,
393,39,15,Gutenkunst.out.of.africa,100000,1e-08,2.5718433618052004e-08,0.001,393,107,354,1890565278,True,False,False,False,2.059644357553511,206.0,9.045933522666532,2146304.0,6.533258794336627,78716.0,32876.23081222644,14.008604330045301,32878.19271052886,0.0,11.420644920649801,,,,,,,,,,,,,,,,,,,,,,,,,,,,,,
394,39,15,Gutenkunst.out.of.africa,100000,1e-08,1.3228756555322952e-07,0.0,269,73,1245,1018406879,False,False,False,False,,,,,,,,,,,,,,,,,,,,,,,,,,,,,,,,,,,,,,,,,
395,39,15,Gutenkunst.out.of.africa,100000,1e-08,1.3228756555322952e-07,0.001,269,73,1245,1018406879,False,False,False,False,,,,,,,,,,,,,,,,,,,,,,,,,,,,,,,,,,,,,,,,,
396,39,15,Gutenkunst.out.of.africa,100000,1e-08,6.804457946348874e-07,0.0,314,87,5738,1712968345,False,False,False,False,,,,,,,,,,,,,,,,,,,,,,,,,,,,,,,,,,,,,,,,,
397,39,15,Gutenkunst.out.of.africa,100000,1e-08,6.804457946348874e-07,0.001,314,87,5738,1712968345,False,False,False,False,,,,,,,,,,,,,,,,,,,,,,,,,,,,,,,,,,,,,,,,,
398,39,15,Gutenkunst.out.of.africa,100000,1e-08,3.500000000000001e-06,0.0,265,71,28542,1687233945,False,False,False,False,,,,,,,,,,,,,,,,,,,,,,,,,,,,,,,,,,,,,,,,,
399,39,15,Gutenkunst.out.of.africa,100000,1e-08,3.500000000000001e-06,0.001,265,71,28542,1687233945,False,False,False,False,,,,,,,,,,,,,,,,,,,,,,,,,,,,,,,,,,,,,,,,,
400,40,15,Gutenkunst.out.of.africa,100000,1e-08,4.999999999999999e-09,0.0,349,92,53,629978175,False,False,False,False,,,,,,,,,,,,,,,,,,,,,,,,,,,,,,,,,,,,,,,,,
401,40,15,Gutenkunst.out.of.africa,100000,1e-08,4.999999999999999e-09,0.001,349,92,53,629978175,False,False,False,False,,,,,,,,,,,,,,,,,,,,,,,,,,,,,,,,,,,,,,,,,
402,40,15,Gutenkunst.out.of.africa,100000,1e-08,2.5718433618052004e-08,0.0,417,121,384,1479706967,True,False,False,False,2.7709122651378917,279.0,11.600127713804955,2076672.0,9.554212975356823,79332.0,37200.171296486216,12.796016756947337,37202.750495783876,0.0,14.447080474146908,,,,,,,,,,,,,,,,,,,,,,,,,,,,,,
403,40,15,Gutenkunst.out.of.africa,100000,1e-08,2.5718433618052004e-08,0.001,417,121,384,1479706967,False,False,False,False,,,,,,,,,,,,,,,,,,,,,,,,,,,,,,,,,,,,,,,,,
404,40,15,Gutenkunst.out.of.africa,100000,1e-08,1.3228756555322952e-07,0.0,244,67,1160,393513210,False,False,False,False,,,,,,,,,,,,,,,,,,,,,,,,,,,,,,,,,,,,,,,,,
405,40,15,Gutenkunst.out.of.africa,100000,1e-08,1.3228756555322952e-07,0.001,244,67,1160,393513210,False,False,False,False,,,,,,,,,,,,,,,,,,,,,,,,,,,,,,,,,,,,,,,,,
406,40,15,Gutenkunst.out.of.africa,100000,1e-08,6.804457946348874e-07,0.0,410,117,9148,339554417,False,False,False,False,,,,,,,,,,,,,,,,,,,,,,,,,,,,,,,,,,,,,,,,,
407,40,15,Gutenkunst.out.of.africa,100000,1e-08,6.804457946348874e-07,0.001,410,117,9148,339554417,False,False,False,False,,,,,,,,,,,,,,,,,,,,,,,,,,,,,,,,,,,,,,,,,
408,40,15,Gutenkunst.out.of.africa,100000,1e-08,3.500000000000001e-06,0.0,272,74,35698,1653114204,False,False,False,False,,,,,,,,,,,,,,,,,,,,,,,,,,,,,,,,,,,,,,,,,
409,40,15,Gutenkunst.out.of.africa,100000,1e-08,3.500000000000001e-06,0.001,272,74,35698,1653114204,False,False,False,False,,,,,,,,,,,,,,,,,,,,,,,,,,,,,,,,,,,,,,,,,
410,41,15,Gutenkunst.out.of.africa,100000,1e-08,4.999999999999999e-09,0.0,360,103,55,141095676,False,False,False,False,,,,,,,,,,,,,,,,,,,,,,,,,,,,,,,,,,,,,,,,,
411,41,15,Gutenkunst.out.of.africa,100000,1e-08,4.999999999999999e-09,0.001,360,103,55,141095676,False,True,False,False,,,,,,,,,,,,1.59,19.807723739366974,,14.34715,15.98540812623652,,16.17694,66732032.0,3.595315,,,,,,,,,,,,,,,,,,,,,
412,41,15,Gutenkunst.out.of.africa,100000,1e-08,2.5718433618052004e-08,0.0,383,104,336,1123144714,False,False,False,False,,,,,,,,,,,,,,,,,,,,,,,,,,,,,,,,,,,,,,,,,
413,41,15,Gutenkunst.out.of.africa,100000,1e-08,2.5718433618052004e-08,0.001,383,104,336,1123144714,False,False,False,False,,,,,,,,,,,,,,,,,,,,,,,,,,,,,,,,,,,,,,,,,
414,41,15,Gutenkunst.out.of.africa,100000,1e-08,1.3228756555322952e-07,0.0,365,105,1598,124311332,False,False,False,False,,,,,,,,,,,,,,,,,,,,,,,,,,,,,,,,,,,,,,,,,
415,41,15,Gutenkunst.out.of.africa,100000,1e-08,1.3228756555322952e-07,0.001,365,105,1598,124311332,False,False,False,False,,,,,,,,,,,,,,,,,,,,,,,,,,,,,,,,,,,,,,,,,
416,41,15,Gutenkunst.out.of.africa,100000,1e-08,6.804457946348874e-07,0.0,370,101,7610,1802692308,False,False,False,False,,,,,,,,,,,,,,,,,,,,,,,,,,,,,,,,,,,,,,,,,
417,41,15,Gutenkunst.out.of.africa,100000,1e-08,6.804457946348874e-07,0.001,370,101,7610,1802692308,False,False,False,False,,,,,,,,,,,,,,,,,,,,,,,,,,,,,,,,,,,,,,,,,
418,41,15,Gutenkunst.out.of.africa,100000,1e-08,3.500000000000001e-06,0.0,278,72,31057,2030575854,False,False,False,False,,,,,,,,,,,,,,,,,,,,,,,,,,,,,,,,,,,,,,,,,
419,41,15,Gutenkunst.out.of.africa,100000,1e-08,3.500000000000001e-06,0.001,278,72,31057,2030575854,False,False,False,False,,,,,,,,,,,,,,,,,,,,,,,,,,,,,,,,,,,,,,,,,
420,42,15,Gutenkunst.out.of.africa,100000,1e-08,4.999999999999999e-09,0.0,360,105,74,729106162,False,False,False,False,,,,,,,,,,,,,,,,,,,,,,,,,,,,,,,,,,,,,,,,,
421,42,15,Gutenkunst.out.of.africa,100000,1e-08,4.999999999999999e-09,0.001,360,105,74,729106162,False,False,False,False,,,,,,,,,,,,,,,,,,,,,,,,,,,,,,,,,,,,,,,,,
422,42,15,Gutenkunst.out.of.africa,100000,1e-08,2.5718433618052004e-08,0.0,351,101,287,338720125,False,False,False,False,,,,,,,,,,,,,,,,,,,,,,,,,,,,,,,,,,,,,,,,,
423,42,15,Gutenkunst.out.of.africa,100000,1e-08,2.5718433618052004e-08,0.001,351,101,287,338720125,False,False,False,False,,,,,,,,,,,,,,,,,,,,,,,,,,,,,,,,,,,,,,,,,
424,42,15,Gutenkunst.out.of.africa,100000,1e-08,1.3228756555322952e-07,0.0,311,87,1705,749956207,False,False,False,False,,,,,,,,,,,,,,,,,,,,,,,,,,,,,,,,,,,,,,,,,
425,42,15,Gutenkunst.out.of.africa,100000,1e-08,1.3228756555322952e-07,0.001,311,87,1705,749956207,False,False,False,False,,,,,,,,,,,,,,,,,,,,,,,,,,,,,,,,,,,,,,,,,
426,42,15,Gutenkunst.out.of.africa,100000,1e-08,6.804457946348874e-07,0.0,379,105,8088,1345544012,False,False,False,False,,,,,,,,,,,,,,,,,,,,,,,,,,,,,,,,,,,,,,,,,
427,42,15,Gutenkunst.out.of.africa,100000,1e-08,6.804457946348874e-07,0.001,379,105,8088,1345544012,False,False,False,False,,,,,,,,,,,,,,,,,,,,,,,,,,,,,,,,,,,,,,,,,
428,42,15,Gutenkunst.out.of.africa,100000,1e-08,3.500000000000001e-06,0.0,286,77,39734,1047281846,False,False,False,False,,,,,,,,,,,,,,,,,,,,,,,,,,,,,,,,,,,,,,,,,
429,42,15,Gutenkunst.out.of.africa,100000,1e-08,3.500000000000001e-06,0.001,286,77,39734,1047281846,False,False,False,False,,,,,,,,,,,,,,,,,,,,,,,,,,,,,,,,,,,,,,,,,
430,43,15,Gutenkunst.out.of.africa,100000,1e-08,4.999999999999999e-09,0.0,272,74,49,1368378092,False,False,False,False,,,,,,,,,,,,,,,,,,,,,,,,,,,,,,,,,,,,,,,,,
431,43,15,Gutenkunst.out.of.africa,100000,1e-08,4.999999999999999e-09,0.001,272,74,49,1368378092,False,False,False,True,,,,,,,,,,,,,,,,,,,,,14.178443463067904,22.0,3.639357239927741,17.355371900826444,0.6100000000000001,3.909090909090909,19.082499346450284,86.0,12.121837937487998,,23866.273273263898,23866.33474190211,23866.273273263894,13.671950116945416,11.044738982067514,15.340527430601952,23866.33474190211,56209408.0,76733.0,14.367201573646103,23.350029743863423
432,43,15,Gutenkunst.out.of.africa,100000,1e-08,2.5718433618052004e-08,0.0,397,114,271,26115922,False,False,False,False,,,,,,,,,,,,,,,,,,,,,,,,,,,,,,,,,,,,,,,,,
433,43,15,Gutenkunst.out.of.africa,100000,1e-08,2.5718433618052004e-08,0.001,397,114,271,26115922,False,False,False,False,,,,,,,,,,,,,,,,,,,,,,,,,,,,,,,,,,,,,,,,,
434,43,15,Gutenkunst.out.of.africa,100000,1e-08,1.3228756555322952e-07,0.0,284,78,1434,413496058,False,False,False,False,,,,,,,,,,,,,,,,,,,,,,,,,,,,,,,,,,,,,,,,,
435,43,15,Gutenkunst.out.of.africa,100000,1e-08,1.3228756555322952e-07,0.001,284,78,1434,413496058,False,False,False,False,,,,,,,,,,,,,,,,,,,,,,,,,,,,,,,,,,,,,,,,,
436,43,15,Gutenkunst.out.of.africa,100000,1e-08,6.804457946348874e-07,0.0,352,95,7990,259118575,False,False,False,True,,,,,,,,,,,,,,,,,,,,,4.130446999561021,95.0,0.6647021569652288,60.4835196195006,1.49,3.5310344827586206,4.616943741532535,512.0,2.1865258659990516,0.6388667624436515,28999.48698654366,28999.671141492516,28999.486986543656,1.86688772151046,1.8162613826060412,2.2904179924537944,28999.671141492516,62521344.0,220079.0,4.191011036203988,4.8566565167613716
437,43,15,Gutenkunst.out.of.africa,100000,1e-08,6.804457946348874e-07,0.001,352,95,7990,259118575,False,False,False,False,,,,,,,,,,,,,,,,,,,,,,,,,,,,,,,,,,,,,,,,,
438,43,15,Gutenkunst.out.of.africa,100000,1e-08,3.500000000000001e-06,0.0,229,66,31313,1038910399,False,False,False,False,,,,,,,,,,,,,,,,,,,,,,,,,,,,,,,,,,,,,,,,,
439,43,15,Gutenkunst.out.of.africa,100000,1e-08,3.500000000000001e-06,0.001,229,66,31313,1038910399,True,False,False,False,2.96843613256081,6711.0,12.048637462404297,5066752.0,9.336657153416764,813536.0,20081.62305688123,13.422822959508375,20134.112602876696,3.44,14.520133487569613,,,,,,,,,,,,,,,,,,,,,,,,,,,,,,
440,44,15,Gutenkunst.out.of.africa,100000,1e-08,4.999999999999999e-09,0.0,451,126,52,1914211616,False,False,False,False,,,,,,,,,,,,,,,,,,,,,,,,,,,,,,,,,,,,,,,,,
441,44,15,Gutenkunst.out.of.africa,100000,1e-08,4.999999999999999e-09,0.001,451,126,52,1914211616,False,False,False,False,,,,,,,,,,,,,,,,,,,,,,,,,,,,,,,,,,,,,,,,,
442,44,15,Gutenkunst.out.of.africa,100000,1e-08,2.5718433618052004e-08,0.0,340,94,290,1289836060,False,False,False,False,,,,,,,,,,,,,,,,,,,,,,,,,,,,,,,,,,,,,,,,,
443,44,15,Gutenkunst.out.of.africa,100000,1e-08,2.5718433618052004e-08,0.001,340,94,290,1289836060,False,False,False,False,,,,,,,,,,,,,,,,,,,,,,,,,,,,,,,,,,,,,,,,,
444,44,15,Gutenkunst.out.of.africa,100000,1e-08,1.3228756555322952e-07,0.0,302,86,1572,2037770757,False,False,False,False,,,,,,,,,,,,,,,,,,,,,,,,,,,,,,,,,,,,,,,,,
445,44,15,Gutenkunst.out.of.africa,100000,1e-08,1.3228756555322952e-07,0.001,302,86,1572,2037770757,False,False,False,False,,,,,,,,,,,,,,,,,,,,,,,,,,,,,,,,,,,,,,,,,
446,44,15,Gutenkunst.out.of.africa,100000,1e-08,6.804457946348874e-07,0.0,358,103,8108,123320830,False,False,False,False,,,,,,,,,,,,,,,,,,,,,,,,,,,,,,,,,,,,,,,,,
447,44,15,Gutenkunst.out.of.africa,100000,1e-08,6.804457946348874e-07,0.001,358,103,8108,123320830,False,False,False,False,,,,,,,,,,,,,,,,,,,,,,,,,,,,,,,,,,,,,,,,,
448,44,15,Gutenkunst.out.of.africa,100000,1e-08,3.500000000000001e-06,0.0,345,101,47254,880751737,False,False,False,False,,,,,,,,,,,,,,,,,,,,,,,,,,,,,,,,,,,,,,,,,
449,44,15,Gutenkunst.out.of.africa,100000,1e-08,3.500000000000001e-06,0.001,345,101,47254,880751737,False,True,False,False,,,,,,,,,,,,316.11,5.057005164426948,,2.35848,6.212719576889659,,3.31088,6766059520.0,0.779695,,,,,,,,,,,,,,,,,,,,,
450,45,15,Gutenkunst.out.of.africa,100000,1e-08,4.999999999999999e-09,0.0,350,98,59,253573468,False,True,False,False,,,,,,,,,,,,1.54,24.802194315616273,,15.2001,19.02243884321661,,16.72836,66428928.0,3.988855,,,,,,,,,,,,,,,,,,,,,
451,45,15,Gutenkunst.out.of.africa,100000,1e-08,4.999999999999999e-09,0.001,350,98,59,253573468,False,False,False,False,,,,,,,,,,,,,,,,,,,,,,,,,,,,,,,,,,,,,,,,,
452,45,15,Gutenkunst.out.of.africa,100000,1e-08,2.5718433618052004e-08,0.0,278,72,203,853494079,False,False,False,False,,,,,,,,,,,,,,,,,,,,,,,,,,,,,,,,,,,,,,,,,
453,45,15,Gutenkunst.out.of.africa,100000,1e-08,2.5718433618052004e-08,0.001,278,72,203,853494079,False,False,False,False,,,,,,,,,,,,,,,,,,,,,,,,,,,,,,,,,,,,,,,,,
454,45,15,Gutenkunst.out.of.africa,100000,1e-08,1.3228756555322952e-07,0.0,290,88,1645,802236314,False,False,False,False,,,,,,,,,,,,,,,,,,,,,,,,,,,,,,,,,,,,,,,,,
455,45,15,Gutenkunst.out.of.africa,100000,1e-08,1.3228756555322952e-07,0.001,290,88,1645,802236314,False,False,False,True,,,,,,,,,,,,,,,,,,,,,6.403492301403203,62.0,2.239544498240481,37.417159763313606,0.75,3.576923076923077,11.265870260225833,372.0,6.004224633128498,1.8719032550014647,30937.513111143828,30937.575572361955,30937.51311114383,6.3503197811800325,5.892238150812838,6.4705584664451266,30937.575572361955,57962496.0,109313.0,6.739527592629864,11.155407122360154
456,45,15,Gutenkunst.out.of.africa,100000,1e-08,6.804457946348874e-07,0.0,328,92,8531,1723020162,False,False,False,False,,,,,,,,,,,,,,,,,,,,,,,,,,,,,,,,,,,,,,,,,
457,45,15,Gutenkunst.out.of.africa,100000,1e-08,6.804457946348874e-07,0.001,328,92,8531,1723020162,False,False,False,False,,,,,,,,,,,,,,,,,,,,,,,,,,,,,,,,,,,,,,,,,
458,45,15,Gutenkunst.out.of.africa,100000,1e-08,3.500000000000001e-06,0.0,290,86,42920,797183745,False,False,False,False,,,,,,,,,,,,,,,,,,,,,,,,,,,,,,,,,,,,,,,,,
459,45,15,Gutenkunst.out.of.africa,100000,1e-08,3.500000000000001e-06,0.001,290,86,42920,797183745,False,False,False,False,,,,,,,,,,,,,,,,,,,,,,,,,,,,,,,,,,,,,,,,,
460,46,15,Gutenkunst.out.of.africa,100000,1e-08,4.999999999999999e-09,0.0,237,69,52,563156618,False,False,False,False,,,,,,,,,,,,,,,,,,,,,,,,,,,,,,,,,,,,,,,,,
461,46,15,Gutenkunst.out.of.africa,100000,1e-08,4.999999999999999e-09,0.001,237,69,52,563156618,True,False,False,False,3.320183941935813,72.0,15.167008167069485,2076672.0,13.032023041274496,69736.0,19163.945016648515,16.481525180998958,19164.672170422247,0.0,19.542747883409042,,,,,,,,,,,,,,,,,,,,,,,,,,,,,,
462,46,15,Gutenkunst.out.of.africa,100000,1e-08,2.5718433618052004e-08,0.0,294,80,268,884922129,False,False,False,True,,,,,,,,,,,,,,,,,,,,,8.957128140124443,47.0,2.6521429620639996,34.799048751486325,0.66,3.4482758620689653,13.257060924396518,200.0,8.210869087964706,2.7778627551882633,26776.62818039785,26776.87050709568,26776.62818039785,8.316976311178895,7.30498963166002,9.486342369329938,26776.87050709568,56590336.0,82977.0,9.606483133268208,14.921764565631
463,46,15,Gutenkunst.out.of.africa,100000,1e-08,2.5718433618052004e-08,0.001,294,80,268,884922129,False,False,False,False,,,,,,,,,,,,,,,,,,,,,,,,,,,,,,,,,,,,,,,,,
464,46,15,Gutenkunst.out.of.africa,100000,1e-08,1.3228756555322952e-07,0.0,279,81,1345,465784783,False,False,False,False,,,,,,,,,,,,,,,,,,,,,,,,,,,,,,,,,,,,,,,,,
465,46,15,Gutenkunst.out.of.africa,100000,1e-08,1.3228756555322952e-07,0.001,279,81,1345,465784783,False,False,False,False,,,,,,,,,,,,,,,,,,,,,,,,,,,,,,,,,,,,,,,,,
466,46,15,Gutenkunst.out.of.africa,100000,1e-08,6.804457946348874e-07,0.0,259,69,5322,1377494432,False,False,False,False,,,,,,,,,,,,,,,,,,,,,,,,,,,,,,,,,,,,,,,,,
467,46,15,Gutenkunst.out.of.africa,100000,1e-08,6.804457946348874e-07,0.001,259,69,5322,1377494432,False,False,False,False,,,,,,,,,,,,,,,,,,,,,,,,,,,,,,,,,,,,,,,,,
468,46,15,Gutenkunst.out.of.africa,100000,1e-08,3.500000000000001e-06,0.0,290,80,36412,2128021889,False,False,False,False,,,,,,,,,,,,,,,,,,,,,,,,,,,,,,,,,,,,,,,,,
469,46,15,Gutenkunst.out.of.africa,100000,1e-08,3.500000000000001e-06,0.001,290,80,36412,2128021889,False,False,False,False,,,,,,,,,,,,,,,,,,,,,,,,,,,,,,,,,,,,,,,,,
470,47,15,Gutenkunst.out.of.africa,100000,1e-08,4.999999999999999e-09,0.0,332,92,56,920241230,False,False,False,False,,,,,,,,,,,,,,,,,,,,,,,,,,,,,,,,,,,,,,,,,
471,47,15,Gutenkunst.out.of.africa,100000,1e-08,4.999999999999999e-09,0.001,332,92,56,920241230,False,False,False,False,,,,,,,,,,,,,,,,,,,,,,,,,,,,,,,,,,,,,,,,,
472,47,15,Gutenkunst.out.of.africa,100000,1e-08,2.5718433618052004e-08,0.0,364,102,296,243680760,False,False,False,False,,,,,,,,,,,,,,,,,,,,,,,,,,,,,,,,,,,,,,,,,
473,47,15,Gutenkunst.out.of.africa,100000,1e-08,2.5718433618052004e-08,0.001,364,102,296,243680760,False,False,False,False,,,,,,,,,,,,,,,,,,,,,,,,,,,,,,,,,,,,,,,,,
474,47,15,Gutenkunst.out.of.africa,100000,1e-08,1.3228756555322952e-07,0.0,344,95,1587,1585509597,False,False,False,False,,,,,,,,,,,,,,,,,,,,,,,,,,,,,,,,,,,,,,,,,
475,47,15,Gutenkunst.out.of.africa,100000,1e-08,1.3228756555322952e-07,0.001,344,95,1587,1585509597,False,False,False,False,,,,,,,,,,,,,,,,,,,,,,,,,,,,,,,,,,,,,,,,,
476,47,15,Gutenkunst.out.of.africa,100000,1e-08,6.804457946348874e-07,0.0,343,95,7327,1857862259,False,False,False,False,,,,,,,,,,,,,,,,,,,,,,,,,,,,,,,,,,,,,,,,,
477,47,15,Gutenkunst.out.of.africa,100000,1e-08,6.804457946348874e-07,0.001,343,95,7327,1857862259,False,True,False,False,,,,,,,,,,,,38.95,5.412829194711857,,2.55259,7.100964109690435,,3.65154,1454809088.0,0.877265,,,,,,,,,,,,,,,,,,,,,
478,47,15,Gutenkunst.out.of.africa,100000,1e-08,3.500000000000001e-06,0.0,299,86,38605,762051389,False,False,False,False,,,,,,,,,,,,,,,,,,,,,,,,,,,,,,,,,,,,,,,,,
479,47,15,Gutenkunst.out.of.africa,100000,1e-08,3.500000000000001e-06,0.001,299,86,38605,762051389,False,False,False,False,,,,,,,,,,,,,,,,,,,,,,,,,,,,,,,,,,,,,,,,,
480,48,15,Gutenkunst.out.of.africa,100000,1e-08,4.999999999999999e-09,0.0,244,65,44,509023378,False,False,False,False,,,,,,,,,,,,,,,,,,,,,,,,,,,,,,,,,,,,,,,,,
481,48,15,Gutenkunst.out.of.africa,100000,1e-08,4.999999999999999e-09,0.001,244,65,44,509023378,False,False,False,False,,,,,,,,,,,,,,,,,,,,,,,,,,,,,,,,,,,,,,,,,
482,48,15,Gutenkunst.out.of.africa,100000,1e-08,2.5718433618052004e-08,0.0,304,82,214,1945368301,False,False,False,False,,,,,,,,,,,,,,,,,,,,,,,,,,,,,,,,,,,,,,,,,
483,48,15,Gutenkunst.out.of.africa,100000,1e-08,2.5718433618052004e-08,0.001,304,82,214,1945368301,False,False,False,False,,,,,,,,,,,,,,,,,,,,,,,,,,,,,,,,,,,,,,,,,
484,48,15,Gutenkunst.out.of.africa,100000,1e-08,1.3228756555322952e-07,0.0,432,120,2016,1183358357,False,False,False,False,,,,,,,,,,,,,,,,,,,,,,,,,,,,,,,,,,,,,,,,,
485,48,15,Gutenkunst.out.of.africa,100000,1e-08,1.3228756555322952e-07,0.001,432,120,2016,1183358357,False,False,False,True,,,,,,,,,,,,,,,,,,,,,6.158599341651164,146.0,1.7668030464064532,114.39105916727537,1.03,3.8594594594594596,10.079028030861942,714.0,5.111844047037296,0.7133463194177168,38008.53497066854,38008.59245459363,38008.534970668545,5.520647418359032,4.807694944611968,5.873872084105161,38008.59245459363,58429440.0,121888.0,6.599566509392285,10.1884441312298
486,48,15,Gutenkunst.out.of.africa,100000,1e-08,6.804457946348874e-07,0.0,327,93,7908,870377516,False,True,False,False,,,,,,,,,,,,68.98,3.406637218855683,,1.40035,6.93387683432963,,2.79746,2624724992.0,0.491395,,,,,,,,,,,,,,,,,,,,,
487,48,15,Gutenkunst.out.of.africa,100000,1e-08,6.804457946348874e-07,0.001,327,93,7908,870377516,False,False,False,False,,,,,,,,,,,,,,,,,,,,,,,,,,,,,,,,,,,,,,,,,
488,48,15,Gutenkunst.out.of.africa,100000,1e-08,3.500000000000001e-06,0.0,246,70,27731,323693100,False,False,False,False,,,,,,,,,,,,,,,,,,,,,,,,,,,,,,,,,,,,,,,,,
489,48,15,Gutenkunst.out.of.africa,100000,1e-08,3.500000000000001e-06,0.001,246,70,27731,323693100,False,False,False,False,,,,,,,,,,,,,,,,,,,,,,,,,,,,,,,,,,,,,,,,,
490,49,15,Gutenkunst.out.of.africa,100000,1e-08,4.999999999999999e-09,0.0,364,104,73,1925815251,False,False,False,False,,,,,,,,,,,,,,,,,,,,,,,,,,,,,,,,,,,,,,,,,
491,49,15,Gutenkunst.out.of.africa,100000,1e-08,4.999999999999999e-09,0.001,364,104,73,1925815251,False,False,False,False,,,,,,,,,,,,,,,,,,,,,,,,,,,,,,,,,,,,,,,,,
492,49,15,Gutenkunst.out.of.africa,100000,1e-08,2.5718433618052004e-08,0.0,363,100,294,1847427791,False,False,False,False,,,,,,,,,,,,,,,,,,,,,,,,,,,,,,,,,,,,,,,,,
493,49,15,Gutenkunst.out.of.africa,100000,1e-08,2.5718433618052004e-08,0.001,363,100,294,1847427791,False,True,False,False,,,,,,,,,,,,7.87,14.070949029715681,,8.799,11.358811173064941,,10.19934,235499520.0,2.681615,,,,,,,,,,,,,,,,,,,,,
494,49,15,Gutenkunst.out.of.africa,100000,1e-08,1.3228756555322952e-07,0.0,333,98,1748,1252338530,False,False,False,False,,,,,,,,,,,,,,,,,,,,,,,,,,,,,,,,,,,,,,,,,
495,49,15,Gutenkunst.out.of.africa,100000,1e-08,1.3228756555322952e-07,0.001,333,98,1748,1252338530,False,False,False,False,,,,,,,,,,,,,,,,,,,,,,,,,,,,,,,,,,,,,,,,,
496,49,15,Gutenkunst.out.of.africa,100000,1e-08,6.804457946348874e-07,0.0,292,83,8689,1039792263,False,True,False,False,,,,,,,,,,,,84.91,3.5880486769157094,,1.66028,6.161230732884377,,2.85235,3236581376.0,0.46211,,,,,,,,,,,,,,,,,,,,,
497,49,15,Gutenkunst.out.of.africa,100000,1e-08,6.804457946348874e-07,0.001,292,83,8689,1039792263,False,True,False,False,,,,,,,,,,,,48.92,8.256058696299416,,4.57809,7.033515692873327,,5.53667,1597730816.0,1.60314,,,,,,,,,,,,,,,,,,,,,
498,49,15,Gutenkunst.out.of.africa,100000,1e-08,3.500000000000001e-06,0.0,300,83,37690,731749322,False,False,False,False,,,,,,,,,,,,,,,,,,,,,,,,,,,,,,,,,,,,,,,,,
499,49,15,Gutenkunst.out.of.africa,100000,1e-08,3.500000000000001e-06,0.001,300,83,37690,731749322,False,False,False,False,,,,,,,,,,,,,,,,,,,,,,,,,,,,,,,,,,,,,,,,,
